00000155,hunger games,645,2023-03-22 18:07:25.188901
00000036,hunger games0,672,2023-03-22 18:07:25.188901
00000122,hunger games1,275,2023-03-22 18:07:25.188901
0000016:,hunger games2,48,2023-03-22 18:07:25.188901
00000072,hunger games3,212,2023-03-22 18:07:25.188901
00000166,test,487,2023-03-22 18:07:25.188901
00000025,hunger games4,264,2023-03-22 18:07:25.188901
00000195,test0,384,2023-03-22 18:07:25.188901
00000196,hunger games5,478,2023-03-22 18:07:25.188901
00000139,test1,354,2023-03-22 18:07:25.188901
00000174,hunger games6,641,2023-03-22 18:07:25.188901
00000185,hunger games7,398,2023-03-22 18:07:25.188901
00000184,hunger games8,342,2023-03-22 18:07:25.188901
0000018:,hunger games9,344,2023-03-22 18:07:25.188901
00000158,hunger games:,426,2023-03-22 18:07:25.188901
00000047,test2,269,2023-03-22 18:07:25.188901
00000076,hunger games;,412,2023-03-22 18:07:25.188901
00000154,test3,678,2023-03-22 18:07:25.188901
00000041,hunger games<,288,2023-03-22 18:07:25.188901
00000015,test4,96,2023-03-22 18:07:25.188901
00000187,test5,638,2023-03-22 18:07:25.188901
00000159,test6,288,2023-03-22 18:07:25.188901
00000167,hunger games=,443,2023-03-22 18:07:25.188901
00000029,hunger games>,391,2023-03-22 18:07:25.188901
00000161,test7,530,2023-03-22 18:07:25.188901
00000064,hunger games?,32,2023-03-22 18:07:25.188901
00000086,hunger games@,116,2023-03-22 18:07:25.188901
00000149,test8,417,2023-03-22 18:07:25.188901
00000062,hunger gamesA,526,2023-03-22 18:07:25.188901
00000124,test9,656,2023-03-22 18:07:25.188901
00000148,test:,602,2023-03-22 18:07:25.188901
00000147,test;,265,2023-03-22 18:07:25.188901
00000028,hunger gamesB,48,2023-03-22 18:07:25.188901
00000127,test<,481,2023-03-22 18:07:25.188901
00000115,test=,680,2023-03-22 18:07:25.188901
00000057,test>,383,2023-03-22 18:07:25.188901
00000097,hunger gamesC,636,2023-03-22 18:07:25.188901
00000054,hunger gamesD,379,2023-03-22 18:07:25.188901
00000092,test?,378,2023-03-22 18:07:25.188901
00000045,test@,690,2023-03-22 18:07:25.188901
00000114,testA,698,2023-03-22 18:07:25.188901
00000062,hunger gamesE,119,2023-03-22 18:07:25.188901
00000005,testB,266,2023-03-22 18:07:25.188901
00000157,testC,591,2023-03-22 18:07:25.188901
00000189,testD,571,2023-03-22 18:07:25.188901
00000082,testE,130,2023-03-22 18:07:25.188901
0000001:,testF,661,2023-03-22 18:07:25.188901
00000176,hunger gamesF,216,2023-03-22 18:07:25.188901
00000008,hunger gamesG,207,2023-03-22 18:07:25.188901
00000046,hunger gamesH,517,2023-03-22 18:07:25.188901
00000102,testG,541,2023-03-22 18:07:25.188901
00000163,testH,593,2023-03-22 18:07:25.188901
0000019:,hunger gamesI,339,2023-03-22 18:07:25.188901
00000126,testI,388,2023-03-22 18:07:25.188901
00000027,hunger gamesJ,495,2023-03-22 18:07:25.188901
00000056,hunger gamesK,65,2023-03-22 18:07:25.188901
0000005:,hunger gamesL,84,2023-03-22 18:07:25.188901
00000048,hunger gamesM,490,2023-03-22 18:07:25.188901
00000064,testJ,523,2023-03-22 18:07:25.188901
00000199,hunger gamesN,115,2023-03-22 18:07:25.188901
00000106,hunger gamesO,90,2023-03-22 18:07:25.188901
00000168,testK,643,2023-03-22 18:07:25.188901
00000031,hunger gamesP,681,2023-03-22 18:07:25.188901
00000195,hunger gamesQ,485,2023-03-22 18:07:25.188901
00000111,hunger gamesR,556,2023-03-22 18:07:25.188901
0000002:,hunger gamesS,96,2023-03-22 18:07:25.188901
00000131,hunger gamesT,130,2023-03-22 18:07:25.188901
00000171,hunger gamesU,610,2023-03-22 18:07:25.188901
00000179,hunger gamesV,651,2023-03-22 18:07:25.188901
00000047,hunger gamesW,120,2023-03-22 18:07:25.188901
00000052,testL,39,2023-03-22 18:07:25.188901
00000144,testM,224,2023-03-22 18:07:25.188901
00000126,testN,269,2023-03-22 18:07:25.188901
00000079,testO,461,2023-03-22 18:07:25.188901
00000025,hunger gamesX,202,2023-03-22 18:07:25.188901
00000143,hunger gamesY,32,2023-03-22 18:07:25.188901
00000084,testP,606,2023-03-22 18:07:25.188901
00000059,hunger gamesZ,216,2023-03-22 18:07:25.188901
00000034,hunger games[,76,2023-03-22 18:07:25.188901
00000181,testQ,328,2023-03-22 18:07:25.188901
00000151,hunger games\,382,2023-03-22 18:07:25.188901
00000087,hunger games],77,2023-03-22 18:07:25.188901
00000145,testR,83,2023-03-22 18:07:25.188901
00000087,hunger games^,657,2023-03-22 18:07:25.188901
00000119,testS,317,2023-03-22 18:07:25.188901
00000066,hunger games_,681,2023-03-22 18:07:25.188901
00000195,testT,407,2023-03-22 18:07:25.189900
00000098,testU,249,2023-03-22 18:07:25.189900
0000004:,testV,94,2023-03-22 18:07:25.189900
00000074,hunger games`,259,2023-03-22 18:07:25.189900
00000141,testW,614,2023-03-22 18:07:25.189900
00000181,hunger gamesa,190,2023-03-22 18:07:25.189900
00000119,testX,631,2023-03-22 18:07:25.189900
00000146,hunger gamesb,336,2023-03-22 18:07:25.189900
00000036,testY,265,2023-03-22 18:07:25.189900
00000133,testZ,301,2023-03-22 18:07:25.189900
00000166,hunger gamesc,652,2023-03-22 18:07:25.189900
00000148,hunger gamesd,589,2023-03-22 18:07:25.189900
00000148,test[,170,2023-03-22 18:07:25.189900
00000083,test\,166,2023-03-22 18:07:25.189900
00000149,test],696,2023-03-22 18:07:25.189900
00000101,hunger gamese,381,2023-03-22 18:07:25.189900
00000074,hunger gamesf,595,2023-03-22 18:07:25.189900
00000183,test^,640,2023-03-22 18:07:25.189900
00000115,hunger gamesg,173,2023-03-22 18:07:25.189900
00000019,hunger gamesh,202,2023-03-22 18:07:25.189900
0000002:,test_,502,2023-03-22 18:07:25.189900
00000067,test`,592,2023-03-22 18:07:25.189900
00000043,hunger gamesi,428,2023-03-22 18:07:25.189900
00000193,testa,487,2023-03-22 18:07:25.189900
00000089,hunger gamesj,98,2023-03-22 18:07:25.189900
00000081,hunger gamesk,94,2023-03-22 18:07:25.189900
00000125,hunger gamesl,596,2023-03-22 18:07:25.189900
00000029,hunger gamesm,697,2023-03-22 18:07:25.189900
00000029,testb,617,2023-03-22 18:07:25.189900
00000184,testc,519,2023-03-22 18:07:25.189900
00000023,hunger gamesn,416,2023-03-22 18:07:25.189900
00000107,testd,198,2023-03-22 18:07:25.189900
00000044,teste,687,2023-03-22 18:07:25.189900
0000019:,hunger gameso,512,2023-03-22 18:07:25.189900
00000171,testf,294,2023-03-22 18:07:25.189900
00000176,testg,649,2023-03-22 18:07:25.189900
00000004,testh,630,2023-03-22 18:07:25.189900
00000135,testi,177,2023-03-22 18:07:25.189900
00000017,testj,267,2023-03-22 18:07:25.189900
0000018:,testk,615,2023-03-22 18:07:25.189900
00000157,hunger gamesp,215,2023-03-22 18:07:25.189900
00000109,testl,505,2023-03-22 18:07:25.189900
00000193,testm,654,2023-03-22 18:07:25.189900
00000029,hunger gamesq,224,2023-03-22 18:07:25.189900
00000128,hunger gamesr,449,2023-03-22 18:07:25.190897
00000126,hunger gamess,159,2023-03-22 18:07:25.190897
0000005:,testn,209,2023-03-22 18:07:25.190897
00000097,testo,25,2023-03-22 18:07:25.190897
00000137,testp,210,2023-03-22 18:07:25.190897
00000136,testq,175,2023-03-22 18:07:25.190897
00000063,testr,215,2023-03-22 18:07:25.190897
00000002,hunger gamest,648,2023-03-22 18:07:25.190897
00000076,tests,313,2023-03-22 18:07:25.190897
00000089,testt,278,2023-03-22 18:07:25.190897
00000022,testu,549,2023-03-22 18:07:25.190897
00000102,testv,393,2023-03-22 18:07:25.190897
00000159,hunger gamesu,393,2023-03-22 18:07:25.190897
00000166,testw,258,2023-03-22 18:07:25.190897
0000008:,testx,291,2023-03-22 18:07:25.190897
00000196,hunger gamesv,168,2023-03-22 18:07:25.190897
00000155,testy,145,2023-03-22 18:07:25.190897
00000112,testz,494,2023-03-22 18:07:25.190897
00000077,hunger gamesw,634,2023-03-22 18:07:25.190897
00000159,hunger gamesx,558,2023-03-22 18:07:25.190897
00000042,test00,541,2023-03-22 18:07:25.190897
00000157,hunger gamesy,173,2023-03-22 18:07:25.190897
00000174,test01,301,2023-03-22 18:07:25.190897
00000139,test02,312,2023-03-22 18:07:25.190897
00000029,test03,182,2023-03-22 18:07:25.190897
00000134,test04,584,2023-03-22 18:07:25.190897
00000123,test05,67,2023-03-22 18:07:25.190897
0000011:,test06,128,2023-03-22 18:07:25.190897
00000094,hunger gamesz,49,2023-03-22 18:07:25.190897
00000158,test07,74,2023-03-22 18:07:25.190897
0000008:,hunger games00,473,2023-03-22 18:07:25.190897
00000196,test08,209,2023-03-22 18:07:25.190897
00000037,test09,332,2023-03-22 18:07:25.190897
00000193,hunger games01,220,2023-03-22 18:07:25.191894
00000058,hunger games02,279,2023-03-22 18:07:25.191894
00000174,hunger games03,158,2023-03-22 18:07:25.191894
00000191,test0:,172,2023-03-22 18:07:25.191894
00000055,test0;,569,2023-03-22 18:07:25.191894
0000016:,test0<,376,2023-03-22 18:07:25.191894
00000062,hunger games04,358,2023-03-22 18:07:25.191894
00000183,test0=,99,2023-03-22 18:07:25.191894
00000101,test0>,682,2023-03-22 18:07:25.191894
00000066,test0?,378,2023-03-22 18:07:25.191894
00000145,test0@,154,2023-03-22 18:07:25.191894
00000061,test0A,664,2023-03-22 18:07:25.191894
00000014,hunger games05,513,2023-03-22 18:07:25.191894
00000162,test0B,92,2023-03-22 18:07:25.191894
00000162,hunger games06,452,2023-03-22 18:07:25.191894
00000051,hunger games07,271,2023-03-22 18:07:25.191894
00000039,hunger games08,357,2023-03-22 18:07:25.191894
00000099,test0C,641,2023-03-22 18:07:25.191894
0000010:,hunger games09,531,2023-03-22 18:07:25.191894
00000139,test0D,126,2023-03-22 18:07:25.191894
00000133,hunger games0:,565,2023-03-22 18:07:25.191894
00000005,test0E,47,2023-03-22 18:07:25.191894
0000011:,hunger games0;,475,2023-03-22 18:07:25.191894
00000106,hunger games0<,483,2023-03-22 18:07:25.191894
00000003,hunger games0=,207,2023-03-22 18:07:25.191894
00000012,hunger games0>,184,2023-03-22 18:07:25.191894
00000102,hunger games0?,431,2023-03-22 18:07:25.191894
00000114,test0F,538,2023-03-22 18:07:25.192891
0000007:,test0G,408,2023-03-22 18:07:25.192891
00000015,hunger games0@,191,2023-03-22 18:07:25.192891
00000037,hunger games0A,320,2023-03-22 18:07:25.192891
00000086,hunger games0B,667,2023-03-22 18:07:25.192891
0000010:,test0H,322,2023-03-22 18:07:25.192891
00000134,hunger games0C,564,2023-03-22 18:07:25.192891
00000167,hunger games0D,218,2023-03-22 18:07:25.192891
00000025,test0I,370,2023-03-22 18:07:25.192891
00000011,hunger games0E,256,2023-03-22 18:07:25.192891
