00000095,00005845,Test
00000029,00001999,Hunger games
00000113,00009595,Hunger games
00000108,00008744,Hunger games
00000049,00006167,Hunger games
0000001:,0000140:,Test
00000045,0000153:,Hunger games
00000176,00003087,Test
00000159,00002664,Hunger games
00000079,00007509,Hunger games
00000032,00002774,Hunger games
00000109,0000513:,Hunger games
00000156,00006507,Hunger games
00000163,00008775,Test
0000012:,0000737:,Test
0000006:,00002573,Test
00000029,00006694,Hunger games
00000097,0000556:,Hunger games
00000044,00000124,Test
0000015:,00001471,Test
00000053,00008497,Hunger games
00000172,00005304,Test
00000145,00009861,Test
00000039,00000341,Hunger games
00000016,0000387:,Test
00000165,00005632,Hunger games
00000094,00009237,Hunger games
00000161,00007047,Hunger games
0000003:,00007813,Test
00000022,00002374,Test
00000123,00001848,Test
00000196,00004245,Hunger games
00000021,00006544,Hunger games
00000144,00000805,Hunger games
00000011,00003575,Hunger games
00000036,00004783,Test
00000045,00005416,Test
00000128,00002435,Test
00000062,00003884,Hunger games
00000053,00007513,Test
00000187,00000946,Test
00000079,00008192,Hunger games
00000195,0000005:,Hunger games
00000118,0000994:,Hunger games
00000096,00002122,Test
00000096,00002296,Hunger games
0000007:,00002242,Test
00000151,00002436,Hunger games
00000124,00007514,Hunger games
00000034,00001661,Hunger games
00000179,00000982,Test
00000039,00009007,Hunger games
0000003:,00004179,Test
00000083,00004284,Hunger games
00000074,00002504,Test
00000061,00003933,Hunger games
00000131,00008763,Hunger games
00000155,00008185,Test
00000108,00005832,Test
00000121,00001442,Test
00000025,00003036,Test
0000004:,00003398,Hunger games
00000008,00003477,Test
00000079,00007311,Hunger games
00000104,00000813,Hunger games
00000177,00007313,Test
00000018,00003114,Test
00000093,00001525,Hunger games
00000044,00007564,Hunger games
00000033,0000405:,Hunger games
00000023,00000275,Hunger games
00000116,00000685,Hunger games
00000098,00001582,Test
00000197,00008536,Test
00000009,00008193,Test
00000087,00006328,Test
00000042,00001329,Test
00000095,00003967,Test
0000018:,00006068,Hunger games
00000142,0000315:,Test
00000121,00006079,Test
00000106,0000384:,Test
00000089,0000641:,Test
00000181,00008892,Hunger games
00000097,00008228,Hunger games
00000101,00005929,Hunger games
00000188,00004601,Test
00000064,00009545,Hunger games
00000181,00000967,Hunger games
00000133,00006403,Test
00000087,0000666:,Hunger games
00000025,00003539,Hunger games
00000148,00008885,Hunger games
00000187,00004537,Hunger games
00000079,00009798,Hunger games
00000044,00000063,Test
0000017:,00007635,Test
00000127,00007577,Test
00000102,0000592:,Test
0000000:,00009597,Test
00000161,00006976,Hunger games
00000172,00008383,Hunger games
0000012:,0000185:,Hunger games
00000063,00008758,Test
00000106,00006696,Hunger games
00000027,00009368,Test
00000012,00004647,Hunger games
00000091,00006859,Test
0000019:,00008473,Hunger games
00000051,00008626,Hunger games
00000008,0000715:,Hunger games
00000146,00009372,Hunger games
00000144,00009192,Hunger games
00000058,00000652,Test
00000025,0000995:,Hunger games
00000158,00007445,Test
00000161,00001779,Test
00000048,00001364,Hunger games
0000001:,00009316,Test
00000123,00008207,Hunger games
00000118,00004622,Test
0000005:,00007025,Hunger games
00000121,00006868,Hunger games
00000196,00005245,Hunger games
00000003,00008789,Test
00000066,00001607,Hunger games
00000166,0000357:,Hunger games
00000103,00009886,Hunger games
00000073,00005962,Test
00000171,00007666,Hunger games
00000009,00000852,Test
00000104,00002135,Test
00000071,00002052,Test
00000029,00009386,Hunger games
00000114,00004386,Test
00000068,00006399,Test
00000193,00005968,Hunger games
00000109,00001745,Test
00000153,00002916,Test
0000015:,00006439,Hunger games
00000113,00000518,Test
00000137,00001115,Test
00000023,00001755,Test
00000191,00009167,Hunger games
0000011:,00001058,Test
00000007,00003158,Test
00000131,0000969:,Hunger games
00000177,00006713,Hunger games
00000068,00003717,Test
00000048,00008833,Hunger games
00000137,00005322,Test
00000113,00009692,Hunger games
00000046,00007435,Hunger games
00000116,00002563,Test
00000193,00002578,Test
00000056,00006041,Hunger games
00000034,00004968,Hunger games
00000014,00006672,Hunger games
00000139,00002476,Hunger games
00000134,00004071,Hunger games
0000015:,00005887,Hunger games
00000168,00001148,Hunger games
0000001:,0000367:,Hunger games
00000154,00003821,Test
00000141,00001704,Test
00000132,00000678,Hunger games
00000016,00003361,Test
0000015:,00009705,Hunger games
00000191,00003172,Hunger games
00000152,00006392,Test
00000111,00008266,Hunger games
00000006,00005246,Test
00000122,00007137,Test
00000163,00005577,Hunger games
00000175,00004895,Test
00000009,00002474,Test
00000116,00000837,Test
00000076,0000187:,Test
00000124,00000109,Test
00000143,00003092,Hunger games
00000005,00008878,Test
00000102,00002633,Test
00000085,00001824,Hunger games
00000059,00002663,Test
00000002,00005684,Test
0000017:,00000003,Test
00000018,0000549:,Hunger games
00000147,00006917,Hunger games
00000004,00002876,Hunger games
00000004,00000254,Test
00000017,0000473:,Hunger games
00000115,00005359,Test
00000198,00008825,Hunger games
00000146,00004882,Hunger games
00000193,00000766,Test
00000076,00005074,Test
00000039,00001348,Hunger games
0000015:,00007483,Test
00000062,00000117,Hunger games
00000187,00007311,Test
