8,43,60,2023-01-19 14:03:32.897426,2023-01-20 21:52:13.897426,192,213
22,89,69,2022-10-29 00:30:01.898422,2022-11-02 21:05:04.898422,117,167
5,159,72,2022-11-02 09:42:28.899424,2022-12-05 22:56:35.899424,50,88
20,27,20,2022-11-15 20:35:12.897426,2023-01-12 09:58:35.897426,73,113
13,26,74,2022-08-29 10:37:46.897426,2022-08-30 13:37:09.897426,71,179
12,140,65,2021-11-10 16:07:57.898422,2021-11-22 15:33:31.898422,67,175
21,100,36,2021-07-07 12:41:16.898422,2021-07-28 11:16:12.898422,14,33
17,135,193,2022-09-05 00:35:52.898422,2022-09-16 23:45:25.898422,51,146
7,158,41,2022-05-22 10:56:56.899424,2022-08-31 20:14:25.899424,129,143
0,62,210,2022-09-14 08:30:18.897426,2022-10-02 04:23:36.897426,17,46
10,170,72,2022-12-31 20:44:43.899424,2023-01-20 14:48:33.899424,34,164
6,172,30,2022-10-21 03:16:37.899424,2022-11-14 13:57:40.899424,81,108
7,83,181,2023-03-09 14:16:27.898422,2023-03-16 12:42:29.898422,129,228
6,76,204,2023-01-24 10:19:40.898422,2023-02-04 00:12:18.898422,59,168
10,150,125,2022-11-23 20:14:52.899424,2023-01-03 05:30:28.899424,175,176
5,17,197,2021-12-28 00:23:31.897426,2022-03-26 19:42:12.897426,29,150
6,13,209,2022-08-18 21:00:47.897426,2022-08-19 19:31:44.897426,155,158
1,1,165,2022-02-16 03:55:00.897426,2022-05-06 01:54:12.897426,50,111
9,3,114,2022-05-05 21:01:01.897426,2022-08-15 11:41:29.897426,161,213
19,16,148,2023-03-05 21:07:15.897426,2023-03-07 12:42:04.897426,167,222
5,121,24,2023-02-13 09:01:06.898422,2023-02-23 14:10:22.898422,32,160
14,82,77,2022-01-25 13:25:22.898422,2022-10-24 15:35:59.898422,209,212
17,189,94,2022-09-24 23:52:03.899424,2022-09-27 10:56:00.899424,214,215
1,119,158,2022-05-30 04:08:55.898422,2022-07-06 22:39:25.898422,180,236
0,137,94,2021-08-16 14:51:05.898422,2021-11-24 07:31:23.898422,211,217
8,102,186,2022-09-21 03:01:28.898422,2022-11-30 04:42:48.898422,8,108
16,157,144,2022-09-09 16:09:42.899424,2022-11-03 18:01:44.899424,109,186
10,144,198,2022-10-16 03:53:41.899424,2022-12-10 04:37:48.899424,140,167
15,166,100,2022-05-14 08:00:27.899424,2022-08-09 15:15:44.899424,147,151
16,200,7,2023-03-12 16:06:51.899424,2023-03-13 14:23:43.899424,153,179
19,46,132,2022-03-23 19:39:59.897426,2022-06-23 11:34:51.897426,195,204
3,152,59,2022-08-15 03:36:43.899424,2022-08-31 04:08:01.899424,2,32
17,161,129,2022-12-12 19:18:51.899424,2022-12-14 09:45:48.899424,13,118
16,173,51,2023-02-14 00:46:34.899424,2023-02-19 22:20:18.899424,45,74
8,79,198,2022-08-22 15:54:55.898422,2022-10-05 00:49:22.898422,45,170
19,40,46,2022-08-28 18:48:29.897426,2022-09-17 00:22:50.897426,144,168
6,118,113,2022-10-09 16:36:10.898422,2022-10-12 11:16:34.898422,67,188
10,53,35,2021-10-25 12:33:57.897426,2021-11-03 14:18:54.897426,156,191
15,45,129,2021-08-15 11:08:06.897426,2021-08-22 01:52:03.897426,155,161
20,158,53,2022-03-23 07:31:59.899424,2022-08-03 02:06:29.899424,77,139
23,147,119,2022-09-09 20:18:43.899424,2022-09-11 23:55:07.899424,162,162
13,10,139,2022-04-27 09:32:38.897426,2022-06-05 08:38:03.897426,209,247
2,97,10,2022-10-23 12:07:48.898422,2022-11-24 20:17:37.898422,126,222
9,1,90,2022-03-31 03:45:53.897426,2022-05-24 19:53:20.897426,72,135
16,61,162,2021-06-21 05:52:58.897426,2022-08-24 14:42:55.897426,147,147
22,198,32,2022-07-18 06:10:01.899424,2022-10-20 21:08:27.899424,106,175
11,119,49,2022-08-16 21:22:01.898422,2022-08-23 04:50:43.898422,194,196
18,41,208,2022-10-02 05:17:04.897426,2022-10-13 02:53:42.897426,228,230
23,162,189,2022-01-07 01:47:08.899424,2022-04-02 12:24:23.899424,64,78
18,163,37,2021-10-19 18:07:38.899424,2021-10-22 06:44:09.899424,85,157
0,47,77,2022-03-18 22:16:56.897426,2022-07-08 23:17:29.897426,48,95
13,13,152,2022-07-30 10:08:16.897426,2022-10-18 23:16:11.897426,165,190
16,159,21,2022-08-08 09:28:21.899424,2022-09-20 01:13:59.899424,152,158
18,9,38,2022-07-02 03:57:03.897426,2022-07-21 13:40:52.897426,134,150
6,185,64,2022-11-05 13:07:44.899424,2022-11-06 17:49:30.899424,105,152
5,83,185,2023-03-16 02:25:25.898422,2023-03-18 13:52:00.898422,26,192
14,172,35,2022-09-11 11:03:21.899424,2022-12-03 21:02:45.899424,22,152
5,135,91,2022-10-04 16:54:48.898422,2022-10-04 22:41:09.898422,81,143
13,21,65,2022-12-16 00:45:55.897426,2022-12-26 16:58:29.897426,133,180
5,45,140,2021-08-15 04:15:49.897426,2021-08-21 08:51:37.897426,111,154
4,190,13,2022-07-17 06:05:04.899424,2023-01-24 10:13:44.899424,68,93
22,159,48,2022-09-01 05:19:28.899424,2023-01-05 06:52:32.899424,58,86
7,6,124,2021-07-31 00:04:29.897426,2021-08-28 08:01:10.897426,78,102
15,77,170,2022-06-10 23:07:25.898422,2022-07-01 22:28:58.898422,80,179
23,100,169,2021-08-17 12:52:21.898422,2021-10-03 16:06:25.898422,59,132
11,153,92,2023-01-07 04:46:07.899424,2023-01-28 18:22:56.899424,137,161
6,179,57,2022-01-16 12:52:58.899424,2022-02-15 22:43:03.899424,53,203
23,195,210,2021-06-10 16:14:48.899424,2021-10-21 01:09:25.899424,180,187
9,82,200,2021-06-12 10:01:54.898422,2022-11-25 13:37:48.898422,68,94
7,108,25,2023-01-30 10:48:38.898422,2023-01-30 22:42:47.898422,16,18
1,30,70,2021-10-04 06:57:02.897426,2021-10-06 18:57:57.897426,52,92
14,150,78,2022-12-09 18:50:27.899424,2022-12-28 11:36:21.899424,144,155
22,152,63,2022-08-01 14:12:54.899424,2022-08-28 12:23:53.899424,192,195
20,158,198,2022-06-29 08:02:07.899424,2022-07-10 05:15:22.899424,37,142
3,165,114,2022-10-04 18:10:36.899424,2022-10-07 01:40:01.899424,43,202
18,91,121,2023-03-03 11:22:15.898422,2023-03-06 12:29:59.898422,68,107
7,154,195,2021-12-06 18:36:13.899424,2022-02-01 23:05:23.899424,147,191
20,180,23,2023-03-14 19:52:25.899424,2023-03-15 17:21:06.899424,49,209
23,55,182,2021-10-07 12:39:58.897426,2021-12-10 18:03:18.897426,132,134
1,135,77,2022-08-30 14:37:46.898422,2022-08-31 05:08:38.898422,139,173
21,40,101,2022-04-24 09:14:39.897426,2022-08-31 11:14:16.897426,174,177
10,122,27,2022-02-14 11:50:46.898422,2022-03-27 18:33:38.898422,22,24
8,141,49,2023-02-22 15:22:00.898422,2023-03-01 13:20:53.898422,176,176
17,160,82,2021-11-25 17:40:31.899424,2021-11-26 15:47:09.899424,135,138
8,95,168,2022-07-16 03:46:53.898422,2022-07-24 21:34:44.898422,158,204
6,115,120,2022-07-31 13:18:23.898422,2022-08-07 20:18:20.898422,42,90
7,84,3,2023-01-31 09:14:14.898422,2023-02-20 07:07:15.898422,35,79
12,116,40,2021-11-09 10:38:37.898422,2022-01-10 17:06:53.898422,185,193
6,177,10,2022-08-25 22:34:37.899424,2023-01-06 23:23:47.899424,94,180
13,101,155,2022-11-16 02:49:10.898422,2022-12-16 09:39:12.898422,82,129
0,124,81,2022-03-15 16:39:23.898422,2022-03-18 00:50:25.898422,20,60
3,155,154,2021-12-15 17:12:14.899424,2022-04-26 15:19:23.899424,195,235
23,89,95,2022-11-06 02:22:24.898422,2022-11-10 11:24:02.898422,101,103
9,2,107,2022-07-06 06:22:47.897426,2022-12-10 11:24:46.897426,107,175
18,83,132,2023-03-11 18:05:03.898422,2023-03-18 17:48:36.898422,63,79
21,180,84,2023-03-14 02:36:41.899424,2023-03-14 19:07:12.899424,154,206
7,133,67,2022-11-30 17:18:05.898422,2022-12-08 19:55:01.898422,137,153
13,123,117,2022-03-11 21:24:06.898422,2022-03-22 11:32:16.898422,177,196
6,12,81,2023-01-22 02:00:50.897426,2023-01-22 06:05:30.897426,2,88
22,39,148,2021-06-29 15:46:46.897426,2021-12-04 20:49:47.897426,110,138
2,164,37,2022-05-27 21:35:17.899424,2022-06-23 05:45:25.899424,36,160
17,162,23,2021-11-26 03:13:05.899424,2022-02-28 01:45:37.899424,123,170
3,53,17,2021-11-09 01:46:03.897426,2021-11-13 02:13:50.897426,74,108
13,30,100,2021-10-02 05:03:53.897426,2021-10-02 20:39:01.897426,16,59
2,20,126,2021-10-28 01:15:00.897426,2021-12-12 10:20:46.897426,55,113
11,88,103,2021-09-22 14:22:27.898422,2022-01-04 06:04:00.898422,111,120
14,100,188,2021-05-23 17:51:34.898422,2021-10-05 05:19:35.898422,68,160
7,28,88,2021-10-24 14:54:22.897426,2022-01-08 18:28:22.897426,85,138
14,83,47,2023-03-13 09:51:25.898422,2023-03-15 00:30:32.898422,122,182
2,145,42,2022-05-09 01:38:00.899424,2022-06-02 06:05:07.899424,121,122
20,134,205,2023-02-24 19:58:01.898422,2023-03-11 11:50:34.898422,141,155
23,151,83,2022-11-21 03:42:42.899424,2022-11-27 05:24:42.899424,96,101
0,108,175,2023-01-20 13:31:02.898422,2023-02-01 01:18:44.898422,161,165
11,129,107,2021-10-03 19:32:59.898422,2021-10-31 14:42:20.898422,34,173
9,151,120,2022-06-19 17:38:43.899424,2022-10-16 19:25:44.899424,132,174
12,82,145,2022-05-12 08:31:00.898422,2022-07-26 17:46:17.898422,88,161
13,161,2,2022-12-11 20:20:17.899424,2022-12-16 11:23:15.899424,70,131
3,107,209,2022-02-10 09:31:19.898422,2022-08-20 09:43:04.898422,101,169
9,97,184,2022-09-22 13:48:06.898422,2022-10-13 13:00:39.898422,129,130
23,196,29,2022-06-10 10:23:05.899424,2022-06-15 04:38:59.899424,128,142
3,142,38,2021-10-31 05:02:59.898422,2021-12-11 03:24:07.898422,114,161
0,56,115,2021-06-25 16:26:14.897426,2021-10-11 08:21:22.897426,205,206
20,44,63,2022-07-03 02:04:00.897426,2022-07-04 01:44:15.897426,84,102
4,42,189,2021-08-26 14:22:58.897426,2021-09-18 04:23:50.897426,207,209
0,124,88,2022-03-17 00:53:45.898422,2022-03-19 08:57:39.898422,79,141
7,58,12,2022-04-11 07:49:15.897426,2022-05-27 08:45:32.897426,155,178
7,127,170,2021-06-22 14:27:16.898422,2021-07-19 11:53:11.898422,15,37
11,160,47,2021-06-25 12:35:48.899424,2021-06-29 18:37:20.899424,172,178
17,1,169,2022-06-25 12:02:09.897426,2022-07-09 10:16:55.897426,158,166
6,111,41,2022-12-28 11:53:47.898422,2022-12-31 22:03:06.898422,56,134
17,78,98,2022-06-13 08:47:04.898422,2022-06-13 10:01:26.898422,95,103
5,16,118,2023-03-02 16:41:00.897426,2023-03-07 03:23:20.897426,22,60
4,190,111,2022-06-13 06:17:24.899424,2023-02-07 09:28:36.899424,100,143
13,66,177,2023-03-10 10:50:49.897426,2023-03-12 09:00:24.897426,129,134
17,189,207,2022-09-15 02:51:39.899424,2022-09-16 06:24:28.899424,85,94
10,131,51,2021-11-10 18:52:31.898422,2022-07-22 10:37:27.898422,125,148
22,145,75,2022-04-28 01:20:50.899424,2022-05-11 05:43:27.899424,3,29
14,81,21,2021-07-09 23:11:48.898422,2021-08-19 19:00:37.898422,221,222
23,102,48,2022-08-19 07:51:45.898422,2023-01-05 05:10:17.898422,86,116
8,78,74,2022-03-25 14:15:00.898422,2022-06-09 05:41:18.898422,163,169
16,175,77,2023-01-20 19:52:18.899424,2023-01-28 10:34:47.899424,11,11
13,123,98,2022-02-10 01:08:13.898422,2022-02-21 03:18:23.898422,32,59
7,98,155,2022-06-25 01:38:11.898422,2022-06-26 13:38:10.898422,134,159
8,13,59,2022-08-05 07:43:31.897426,2022-09-10 09:43:07.897426,35,171
12,120,207,2022-11-05 12:26:41.898422,2022-11-23 16:18:25.898422,102,190
15,148,203,2021-12-18 15:05:42.899424,2022-01-03 00:20:11.899424,139,152
2,52,184,2022-03-17 08:22:28.897426,2022-11-01 23:03:24.897426,121,179
6,121,210,2023-02-09 09:18:56.898422,2023-03-03 15:43:14.898422,154,172
12,169,58,2022-04-29 14:56:23.899424,2022-05-23 16:44:28.899424,10,21
15,121,146,2023-03-01 16:49:59.898422,2023-03-06 10:18:27.898422,44,158
6,62,199,2022-09-17 17:18:00.897426,2022-10-02 02:06:22.897426,55,126
19,133,150,2022-08-16 03:25:05.898422,2022-08-17 16:54:22.898422,246,256
20,91,116,2023-01-26 07:54:03.898422,2023-02-10 23:20:33.898422,75,202
4,34,76,2022-05-20 11:47:32.897426,2022-06-06 01:18:04.897426,196,210
4,166,78,2022-10-23 07:22:23.899424,2022-11-14 14:21:20.899424,138,176
0,128,119,2021-11-29 08:52:27.898422,2022-01-27 05:26:45.898422,40,98
11,90,65,2022-08-11 20:21:32.898422,2022-10-25 04:40:24.898422,160,160
8,159,58,2022-10-09 15:29:17.899424,2022-11-07 05:15:50.899424,55,201
23,139,68,2022-10-27 08:05:55.898422,2022-12-30 19:08:27.898422,141,194
16,61,120,2021-12-19 04:28:20.897426,2022-09-08 04:45:59.897426,46,140
3,65,196,2021-09-09 04:46:33.897426,2021-09-27 19:58:45.897426,138,138
7,147,77,2022-09-03 04:22:59.899424,2022-09-06 23:34:04.899424,18,42
16,28,155,2022-03-14 04:35:07.897426,2022-04-27 06:46:04.897426,70,143
10,18,155,2022-01-17 03:21:33.897426,2022-01-30 00:58:44.897426,141,156
10,134,201,2023-03-01 02:36:18.898422,2023-03-06 20:39:10.898422,172,179
22,127,21,2021-08-19 02:17:36.898422,2021-09-10 07:15:18.898422,7,39
9,188,43,2023-03-07 17:08:42.899424,2023-03-08 15:53:50.899424,69,114
15,83,119,2023-03-11 11:39:42.898422,2023-03-11 18:59:15.898422,123,123
9,186,103,2023-03-15 16:15:41.899424,2023-03-18 07:18:15.899424,182,192
19,188,66,2023-03-05 06:20:34.899424,2023-03-05 23:08:39.899424,121,142
14,161,207,2022-12-12 03:35:29.899424,2022-12-15 17:13:11.899424,189,249
4,26,135,2022-08-16 23:06:33.897426,2022-08-31 00:10:11.897426,37,130
2,42,199,2021-09-01 02:51:26.897426,2021-11-05 04:37:52.897426,153,155
14,78,81,2022-04-22 15:05:34.898422,2022-06-10 02:03:55.898422,53,165
13,24,146,2022-05-13 04:23:36.897426,2022-05-16 13:24:45.897426,141,174
15,119,110,2022-02-28 20:37:59.898422,2022-09-03 22:19:53.898422,187,193
14,6,11,2021-07-08 19:01:45.897426,2021-08-16 21:59:07.897426,104,165
0,99,82,2022-11-30 05:12:22.898422,2022-12-17 08:22:56.898422,151,172
4,10,110,2022-05-07 23:52:48.897426,2022-05-19 11:08:57.897426,127,195
14,31,33,2023-01-27 08:53:56.897426,2023-02-05 21:44:20.897426,17,167
23,153,138,2022-12-06 23:21:16.899424,2022-12-13 14:11:31.899424,6,183
18,2,13,2022-12-14 04:04:36.897426,2022-12-23 09:30:08.897426,164,225
2,137,122,2022-02-19 14:31:19.898422,2022-08-11 10:18:54.898422,196,200
11,100,171,2022-01-09 05:21:43.898422,2022-01-30 10:26:12.898422,172,175
7,70,113,2022-01-29 00:09:20.898422,2022-01-30 08:45:03.898422,10,90
16,58,65,2022-03-24 14:09:30.897426,2022-03-26 07:49:38.897426,124,165
22,25,88,2022-06-28 02:52:06.897426,2022-10-08 22:31:29.897426,15,91
3,140,72,2021-10-30 11:06:03.898422,2022-06-14 16:12:14.898422,8,154
12,106,164,2021-11-07 08:47:05.898422,2023-03-13 13:17:04.898422,172,174
1,65,62,2021-09-01 17:01:49.897426,2021-10-12 04:13:27.897426,203,234
4,77,113,2022-11-09 10:03:00.898422,2023-01-19 07:58:19.898422,153,167
0,183,136,2022-03-28 10:05:30.899424,2022-05-24 08:45:44.899424,175,197
1,158,110,2022-08-17 08:55:30.899424,2022-08-30 16:31:19.899424,73,122
10,179,62,2021-12-07 09:21:03.899424,2022-04-17 11:33:21.899424,209,216
15,19,96,2022-05-05 12:21:20.897426,2022-08-02 22:36:36.897426,66,174
6,98,137,2022-06-08 11:53:22.898422,2022-07-20 23:29:36.898422,136,182
9,15,174,2021-11-09 11:50:28.897426,2021-12-30 17:01:16.897426,66,96
8,51,131,2022-01-02 22:53:14.897426,2022-04-18 23:31:05.897426,109,120
19,139,102,2022-12-08 06:52:44.898422,2022-12-15 11:54:44.898422,181,202
1,142,21,2021-09-05 21:44:15.898422,2021-12-17 06:35:36.898422,11,223
1,36,59,2022-01-13 11:25:47.897426,2022-07-23 14:44:19.897426,99,179
23,45,81,2021-08-22 15:00:40.897426,2021-08-23 04:40:51.897426,208,211
10,90,61,2022-08-03 11:23:15.898422,2022-10-19 14:25:22.898422,36,243
3,97,184,2022-09-25 22:46:16.898422,2022-11-10 02:49:16.898422,51,185
13,24,75,2022-04-05 01:49:48.897426,2022-04-29 03:12:28.897426,14,60
11,122,26,2022-09-01 13:10:11.898422,2022-11-12 22:42:30.898422,104,134
20,69,4,2021-05-26 01:01:22.898422,2021-11-05 14:58:29.898422,14,85
4,6,43,2021-07-08 21:02:06.897426,2021-08-09 12:21:22.897426,52,60
15,38,83,2023-02-10 21:39:46.897426,2023-02-15 15:20:45.897426,110,153
0,47,103,2022-06-18 10:05:01.897426,2022-08-11 01:29:16.897426,51,168
19,170,146,2022-11-23 11:36:21.899424,2022-12-01 05:51:55.899424,17,203
7,11,192,2022-08-05 13:34:11.897426,2022-09-03 10:18:30.897426,40,189
1,3,206,2022-05-05 05:27:17.897426,2022-07-11 15:01:55.897426,23,173
20,15,14,2021-09-10 23:54:29.897426,2021-11-09 12:50:25.897426,184,204
10,159,206,2022-10-23 16:32:29.899424,2023-01-19 04:00:46.899424,174,178
9,199,74,2022-04-09 10:40:04.899424,2022-06-21 12:02:38.899424,133,134
14,5,70,2023-02-15 04:22:50.897426,2023-02-18 19:19:31.897426,96,117
3,92,91,2022-06-17 17:56:05.898422,2022-07-02 20:54:29.898422,102,105
2,124,95,2022-03-15 21:51:15.898422,2022-03-21 12:10:27.898422,36,121
23,83,208,2023-03-11 16:02:27.898422,2023-03-16 08:47:04.898422,82,88
5,198,162,2022-01-10 20:17:30.899424,2022-06-08 04:12:34.899424,67,87
3,97,82,2022-11-21 04:04:05.898422,2022-11-22 04:33:35.898422,36,122
14,132,94,2022-05-19 00:31:08.898422,2022-06-30 03:10:03.898422,206,209
12,43,80,2023-01-06 19:46:52.897426,2023-02-22 17:01:29.897426,177,201
22,18,152,2022-01-15 22:10:18.897426,2022-02-01 10:35:25.897426,38,56
9,67,157,2022-12-04 11:41:25.897426,2023-01-13 19:46:27.897426,112,115
19,152,28,2022-08-02 14:45:00.899424,2022-08-14 21:08:06.899424,53,144
7,93,201,2022-11-05 15:07:25.898422,2022-12-16 11:06:55.898422,3,108
18,191,32,2021-06-16 14:45:48.899424,2021-06-27 07:03:21.899424,135,154
19,130,64,2023-02-07 16:07:42.898422,2023-02-18 00:44:21.898422,92,121
22,36,159,2022-04-01 16:26:50.897426,2022-12-20 15:04:40.897426,87,136
15,63,20,2022-09-03 06:46:56.897426,2022-09-29 19:29:28.897426,39,57
0,33,8,2022-12-04 02:03:22.897426,2022-12-20 19:31:48.897426,117,146
4,183,114,2022-04-02 01:55:25.899424,2022-08-31 22:15:44.899424,111,162
4,179,46,2021-10-30 20:10:25.899424,2022-04-24 16:03:36.899424,37,136
6,13,11,2022-08-09 17:14:55.897426,2022-09-23 20:09:05.897426,189,205
7,100,112,2021-08-17 13:32:25.898422,2022-01-31 07:03:19.898422,97,129
4,65,56,2021-09-02 16:01:15.897426,2021-09-30 11:34:42.897426,18,73
9,5,208,2023-02-09 10:29:21.897426,2023-02-20 05:07:31.897426,105,192
5,2,150,2022-06-20 00:10:56.897426,2022-07-29 14:41:11.897426,252,256
18,32,113,2022-11-05 06:20:34.897426,2022-11-05 17:54:43.897426,137,190
13,91,83,2023-02-06 22:36:45.898422,2023-03-03 13:38:58.898422,2,58
21,15,200,2021-11-03 20:01:23.897426,2021-11-27 17:40:32.897426,13,87
12,107,53,2022-10-26 03:56:08.898422,2022-11-03 20:39:14.898422,150,168
2,32,74,2022-09-11 19:30:44.897426,2022-10-06 22:38:45.897426,50,178
6,68,66,2022-03-24 00:22:11.898422,2022-04-17 12:05:59.898422,98,138
19,59,208,2023-01-26 04:58:29.897426,2023-01-28 19:50:56.897426,39,121
11,101,65,2022-11-14 07:49:00.898422,2023-02-06 21:33:40.898422,25,116
17,165,211,2022-10-18 03:53:55.899424,2023-01-08 05:51:52.899424,88,121
13,136,208,2022-09-16 12:58:45.898422,2023-01-12 23:59:13.898422,88,201
21,156,104,2021-05-14 12:23:02.899424,2021-11-21 01:01:08.899424,176,197
19,98,105,2022-06-30 20:03:27.898422,2022-07-24 23:26:53.898422,14,61
17,129,1,2021-06-19 19:33:47.898422,2021-09-03 20:07:35.898422,39,216
4,23,182,2022-04-09 16:15:11.897426,2022-06-10 18:21:54.897426,99,118
14,61,20,2021-11-19 20:08:57.897426,2021-11-19 23:40:33.897426,88,177
23,186,112,2023-03-10 20:54:39.899424,2023-03-19 06:13:44.899424,11,32
9,57,189,2021-11-02 07:51:25.897426,2021-11-04 20:07:27.897426,54,68
0,161,101,2022-12-15 19:50:05.899424,2022-12-16 16:28:34.899424,115,120
9,154,140,2021-11-06 20:27:08.899424,2022-01-31 01:43:00.899424,43,245
4,196,20,2022-06-06 18:28:24.899424,2022-06-10 19:36:09.899424,23,161
18,78,22,2022-04-25 06:36:59.898422,2022-06-02 18:53:54.898422,117,213
7,117,203,2022-08-31 12:07:23.898422,2022-10-25 10:13:59.898422,19,138
3,194,191,2023-03-11 17:21:28.899424,2023-03-12 07:36:39.899424,99,146
9,180,95,2023-03-14 23:21:57.899424,2023-03-15 04:48:18.899424,44,134
13,112,74,2022-12-14 23:17:27.898422,2023-01-02 12:19:18.898422,135,205
3,109,140,2022-05-03 10:39:50.898422,2022-06-01 13:16:10.898422,179,189
9,13,48,2022-09-02 14:00:26.897426,2022-11-05 03:51:32.897426,159,160
13,36,59,2022-03-07 17:59:29.897426,2022-09-18 02:47:38.897426,169,178
8,120,31,2023-01-01 14:34:10.898422,2023-01-08 03:44:22.898422,164,172
8,54,108,2022-11-05 11:24:24.897426,2022-12-10 13:24:43.897426,102,129
11,114,185,2023-03-09 04:59:54.898422,2023-03-09 18:42:33.898422,143,223
2,9,117,2022-06-17 07:43:16.897426,2022-08-19 17:45:44.897426,36,72
4,154,104,2021-12-23 00:48:18.899424,2022-01-18 06:35:15.899424,120,204
23,12,62,2023-01-23 02:48:50.897426,2023-01-25 14:52:47.897426,26,88
18,152,42,2022-08-18 18:44:21.899424,2022-09-01 10:46:24.899424,164,194
8,75,23,2021-12-16 13:46:51.898422,2022-08-05 17:18:27.898422,160,195
17,8,87,2022-03-03 18:46:27.897426,2022-03-08 01:00:09.897426,3,120
21,56,194,2022-02-24 04:20:34.897426,2022-05-05 23:52:41.897426,166,221
10,110,207,2022-12-15 00:52:37.898422,2023-01-09 10:46:26.898422,65,108
14,63,37,2022-08-13 02:06:58.897426,2022-09-27 22:52:07.897426,152,153
8,170,114,2022-12-02 10:44:21.899424,2023-01-22 17:34:52.899424,173,174
9,90,84,2022-10-23 04:41:28.898422,2022-10-26 18:15:30.898422,103,116
8,104,167,2022-07-02 23:46:48.898422,2022-07-06 01:33:51.898422,128,211
18,56,107,2021-12-01 00:56:56.897426,2022-06-28 00:09:08.897426,70,145
4,114,145,2023-03-01 05:42:51.898422,2023-03-02 02:31:18.898422,85,243
20,38,55,2023-02-01 15:54:10.897426,2023-02-06 20:18:10.897426,152,168
11,65,166,2021-08-28 18:06:26.897426,2021-09-27 06:51:14.897426,96,118
17,113,137,2022-03-12 08:03:00.898422,2022-04-10 21:18:28.898422,114,118
10,17,55,2021-11-29 23:59:02.897426,2022-06-18 10:49:17.897426,77,102
7,145,38,2021-10-20 03:31:08.899424,2022-04-17 20:30:26.899424,90,160
21,83,145,2023-03-14 11:03:37.898422,2023-03-15 10:10:11.898422,21,254
5,121,26,2023-02-08 18:06:15.898422,2023-02-10 15:19:52.898422,122,232
7,121,63,2023-02-13 20:27:25.898422,2023-02-21 18:12:18.898422,154,195
4,177,139,2022-02-07 10:36:32.899424,2022-11-14 11:07:01.899424,245,247
19,51,51,2022-02-23 03:54:36.897426,2022-02-26 07:11:47.897426,78,150
5,64,183,2022-11-06 09:26:38.897426,2023-01-01 13:30:18.897426,12,77
16,189,198,2022-07-27 10:21:53.899424,2022-08-28 01:24:09.899424,45,60
16,59,185,2023-02-06 01:13:41.897426,2023-02-10 00:21:47.897426,170,212
1,61,61,2022-12-27 02:40:41.897426,2023-01-16 13:35:10.897426,174,215
14,24,102,2022-04-16 06:04:24.897426,2022-04-28 02:01:15.897426,33,112
22,138,12,2021-07-03 06:19:30.898422,2021-07-07 20:27:38.898422,39,161
5,1,116,2022-01-22 11:22:33.897426,2022-06-12 07:37:04.897426,176,186
1,190,67,2022-06-30 11:17:27.899424,2022-08-17 21:58:54.899424,120,175
8,50,56,2022-05-04 08:54:57.897426,2022-05-31 05:40:57.897426,111,228
5,142,96,2021-12-16 21:46:46.898422,2021-12-23 16:23:30.898422,165,179
16,164,168,2022-04-13 00:20:44.899424,2022-10-28 17:41:09.899424,84,201
9,188,189,2023-03-03 15:10:31.899424,2023-03-03 16:30:46.899424,88,121
19,73,158,2023-03-01 08:05:30.898422,2023-03-01 23:18:12.898422,223,225
5,73,105,2023-02-28 12:00:39.898422,2023-02-28 19:35:30.898422,40,97
16,165,93,2022-11-27 10:31:02.899424,2022-11-29 11:44:21.899424,75,148
2,92,28,2022-04-10 15:13:20.898422,2022-07-15 13:51:03.898422,92,112
8,2,57,2022-08-19 14:25:59.897426,2022-09-01 00:31:19.897426,37,114
23,136,150,2022-07-27 03:09:45.898422,2023-02-06 21:36:13.898422,89,196
3,148,102,2021-12-05 20:36:42.899424,2021-12-13 17:56:02.899424,154,193
12,26,179,2022-08-22 15:46:02.897426,2022-08-29 03:04:13.897426,46,132
18,184,133,2021-11-05 15:21:56.899424,2022-02-05 06:35:11.899424,32,199
13,139,78,2022-11-21 10:09:45.898422,2022-12-31 02:24:55.898422,76,201
3,109,61,2021-10-24 10:28:44.898422,2022-02-13 12:35:41.898422,36,201
4,179,120,2021-10-29 21:42:15.899424,2022-04-27 00:50:53.899424,44,94
1,76,129,2022-11-06 17:07:42.898422,2022-11-17 21:55:15.898422,169,177
13,102,113,2022-07-23 06:15:04.898422,2022-10-01 23:51:18.898422,136,199
4,82,130,2022-05-29 22:08:31.898422,2022-06-28 04:53:59.898422,161,161
8,60,17,2022-02-24 12:36:54.897426,2022-05-31 08:56:19.897426,103,171
21,194,134,2023-03-10 08:07:49.899424,2023-03-11 07:57:34.899424,78,188
22,185,71,2022-09-07 09:45:15.899424,2022-09-24 12:27:31.899424,88,145
15,18,18,2021-11-24 12:44:19.897426,2021-12-11 05:33:22.897426,189,199
8,18,143,2022-01-23 13:37:29.897426,2022-02-02 18:47:29.897426,49,59
14,22,180,2022-12-09 13:17:06.897426,2023-01-17 19:21:06.897426,159,178
14,66,182,2023-03-11 17:14:13.897426,2023-03-12 03:44:23.897426,83,165
17,1,15,2022-04-02 22:26:14.897426,2022-04-07 09:37:59.897426,92,125
19,98,40,2022-05-22 19:28:01.898422,2022-06-06 00:33:17.898422,181,200
20,192,200,2022-09-06 03:57:24.899424,2022-12-09 10:33:04.899424,99,169
9,46,181,2021-10-28 18:04:34.897426,2022-08-11 02:02:35.897426,203,211
0,93,53,2022-12-04 12:30:35.898422,2022-12-09 20:15:22.898422,20,122
4,25,128,2021-08-25 10:08:11.897426,2022-08-14 02:29:40.897426,132,161
10,196,40,2022-06-07 05:01:58.899424,2022-06-12 13:28:02.899424,78,108
9,109,199,2021-12-25 13:06:27.898422,2022-05-17 09:04:34.898422,39,67
3,176,9,2022-05-07 19:03:40.899424,2022-06-27 14:51:12.899424,21,81
18,64,93,2022-12-10 05:13:13.897426,2023-03-10 09:16:26.897426,37,131
10,31,84,2023-01-29 11:27:45.897426,2023-02-02 11:31:59.897426,103,160
9,148,119,2021-12-23 04:21:53.899424,2021-12-30 19:24:37.899424,37,145
0,1,47,2022-02-20 01:48:13.897426,2022-02-27 03:23:46.897426,87,134
8,69,5,2021-10-29 08:20:03.898422,2022-04-14 22:55:41.898422,153,168
18,90,36,2022-11-08 02:58:59.898422,2022-12-18 23:52:48.898422,78,156
8,98,67,2022-05-21 15:39:10.898422,2022-05-22 05:00:42.898422,205,209
0,110,106,2023-01-07 18:43:40.898422,2023-01-13 02:17:42.898422,127,156
17,78,19,2022-05-20 06:31:07.898422,2022-05-20 09:59:39.898422,170,171
12,154,36,2021-12-12 23:09:12.899424,2022-01-15 23:13:55.899424,13,49
12,135,93,2022-09-13 18:29:50.898422,2022-09-21 12:51:17.898422,49,161
10,146,192,2023-03-04 09:28:52.899424,2023-03-06 03:21:07.899424,45,186
17,154,97,2022-01-08 13:22:31.899424,2022-01-12 04:26:44.899424,172,174
5,86,46,2022-06-03 00:31:15.898422,2022-09-26 13:13:17.898422,87,108
14,169,200,2022-04-13 09:38:28.899424,2022-04-18 15:08:03.899424,155,168
6,18,123,2021-12-24 08:23:15.897426,2022-01-05 11:41:26.897426,136,160
2,88,157,2021-10-23 07:50:52.898422,2021-11-27 17:05:46.898422,202,208
3,91,178,2023-01-25 12:03:45.898422,2023-01-26 21:44:25.898422,187,195
6,67,37,2023-01-01 21:48:27.897426,2023-01-02 09:10:30.897426,112,139
23,93,210,2022-12-25 15:49:08.898422,2023-01-03 08:55:45.898422,26,144
2,29,34,2022-07-13 16:27:33.897426,2022-07-21 21:56:47.897426,63,118
14,115,160,2022-09-20 17:51:03.898422,2022-09-21 19:32:48.898422,185,188
12,41,40,2022-09-16 14:01:49.897426,2022-10-05 04:10:55.897426,123,142
5,141,151,2023-03-06 10:09:16.898422,2023-03-07 23:24:09.898422,131,140
9,157,142,2022-10-12 05:57:16.899424,2022-10-27 08:37:06.899424,67,225
13,176,170,2022-07-25 08:32:15.899424,2022-08-11 13:03:09.899424,126,156
14,14,111,2022-10-25 07:43:03.897426,2022-10-29 03:03:33.897426,53,104
10,69,163,2021-08-04 07:48:07.898422,2022-09-14 08:28:10.898422,13,18
4,33,173,2022-12-11 07:56:58.897426,2022-12-11 12:18:26.897426,92,122
23,55,66,2021-12-05 08:36:20.897426,2021-12-07 07:09:04.897426,62,101
0,187,11,2021-12-12 07:00:05.899424,2021-12-18 02:06:09.899424,89,134
22,22,129,2022-05-21 02:18:52.897426,2022-09-08 11:10:45.897426,146,163
13,18,136,2022-01-26 03:17:47.897426,2022-02-06 05:16:58.897426,20,194
13,83,51,2023-03-12 04:16:48.898422,2023-03-17 16:49:21.898422,65,95
3,132,186,2022-05-26 15:13:17.898422,2022-11-16 13:24:18.898422,120,176
14,103,98,2021-08-27 21:05:43.898422,2021-09-12 17:13:24.898422,5,53
21,24,177,2022-04-16 18:19:06.897426,2022-05-09 21:05:29.897426,122,161
21,44,187,2022-07-02 05:39:57.897426,2022-07-03 01:53:22.897426,207,208
23,71,165,2022-11-09 03:22:29.898422,2022-11-09 14:06:17.898422,132,160
3,3,66,2022-03-21 07:09:46.897426,2022-04-02 04:44:59.897426,34,104
23,198,80,2021-12-05 13:18:18.899424,2022-04-09 08:19:59.899424,162,186
14,199,116,2023-02-17 22:38:03.899424,2023-02-23 09:39:31.899424,55,182
18,42,17,2021-10-10 23:05:02.897426,2021-11-07 22:28:54.897426,21,235
2,182,185,2022-11-01 17:02:29.899424,2022-12-04 21:01:22.899424,77,113
19,49,160,2022-02-13 23:33:12.897426,2022-03-30 05:33:18.897426,186,199
8,73,43,2023-02-25 17:34:43.898422,2023-03-01 05:54:02.898422,59,108
10,67,179,2022-11-14 01:18:55.897426,2022-12-20 08:38:57.897426,89,157
13,45,11,2021-08-19 02:31:04.897426,2021-08-24 05:29:52.897426,51,194
19,154,4,2021-11-06 15:38:55.899424,2021-12-06 21:41:04.899424,174,179
3,183,94,2022-08-24 16:55:26.899424,2022-09-09 17:12:41.899424,190,210
3,144,173,2022-10-07 00:58:31.899424,2022-11-29 09:09:36.899424,72,117
20,138,58,2021-07-01 13:55:33.898422,2021-07-02 17:19:43.898422,120,156
18,20,201,2022-01-29 02:26:16.897426,2022-03-31 12:33:31.897426,14,27
18,18,55,2022-01-16 10:34:07.897426,2022-02-02 00:48:18.897426,118,146
19,163,38,2021-09-16 01:36:59.899424,2021-10-07 10:53:30.899424,42,177
17,158,13,2022-05-19 16:37:56.899424,2022-08-13 02:50:42.899424,12,200
22,41,74,2022-09-12 07:38:06.897426,2022-10-10 03:56:02.897426,176,210
7,166,55,2022-02-11 21:47:01.899424,2022-10-14 02:47:20.899424,171,181
6,157,117,2022-09-10 14:36:39.899424,2022-10-03 06:51:46.899424,180,191
2,147,205,2022-09-09 19:10:15.899424,2022-09-13 01:28:14.899424,61,125
7,31,196,2022-12-17 23:57:37.897426,2023-01-19 23:20:08.897426,92,141
19,56,35,2022-05-06 22:18:34.897426,2022-10-13 14:16:22.897426,75,176
0,151,178,2022-08-26 08:20:24.899424,2022-08-31 05:49:39.899424,82,126
6,96,134,2022-02-14 18:04:02.898422,2022-05-18 16:55:41.898422,68,228
4,189,174,2022-09-06 02:20:13.899424,2022-09-22 05:21:47.899424,18,158
1,127,210,2021-08-03 03:07:01.898422,2021-08-25 00:16:52.898422,152,186
1,41,49,2022-11-07 14:51:53.897426,2022-12-08 04:09:11.897426,50,135
20,110,48,2023-01-26 05:08:01.898422,2023-01-31 02:23:42.898422,195,196
16,158,92,2022-05-06 23:53:02.899424,2022-10-11 10:37:21.899424,134,187
6,185,132,2022-09-24 14:44:10.899424,2022-10-16 20:35:30.899424,103,145
20,70,45,2022-02-12 01:59:32.898422,2022-02-13 21:05:46.898422,99,150
8,124,210,2022-03-21 13:02:29.898422,2022-03-21 19:08:42.898422,28,129
16,156,33,2021-10-08 15:16:01.899424,2021-12-19 19:23:34.899424,110,165
13,166,42,2022-07-13 09:34:49.899424,2022-10-02 21:50:28.899424,165,181
8,61,39,2022-04-10 16:28:22.897426,2022-11-11 00:16:02.897426,37,110
13,11,202,2022-07-25 00:07:36.897426,2022-07-30 11:13:22.897426,103,126
22,30,53,2021-09-23 10:21:14.897426,2021-10-06 11:53:18.897426,99,118
19,104,35,2022-08-11 10:03:31.898422,2022-08-22 10:23:30.898422,162,196
20,15,117,2021-11-24 21:38:10.897426,2022-01-22 07:54:30.897426,94,129
22,79,121,2022-09-09 22:30:38.898422,2022-11-19 14:42:55.898422,165,194
4,194,129,2023-03-08 01:41:49.899424,2023-03-09 06:10:59.899424,72,156
21,44,96,2022-07-03 16:13:20.897426,2022-07-05 09:06:23.897426,162,200
22,197,110,2022-11-05 05:51:01.899424,2022-12-08 04:25:55.899424,136,179
12,155,180,2021-11-15 14:09:11.899424,2022-03-23 03:21:28.899424,86,127
12,132,50,2021-12-03 20:15:25.898422,2022-02-24 00:21:30.898422,11,112
18,118,136,2022-10-11 01:35:49.898422,2022-10-14 00:47:06.898422,137,194
23,193,124,2022-10-30 05:30:43.899424,2022-11-05 06:43:23.899424,144,184
5,134,134,2023-02-21 09:40:43.898422,2023-03-12 04:24:54.898422,167,214
17,152,80,2022-08-28 01:42:53.899424,2022-08-31 01:15:58.899424,205,206
19,196,73,2022-06-08 21:39:50.899424,2022-06-10 06:47:50.899424,172,172
20,156,117,2021-11-14 18:50:36.899424,2021-12-20 08:22:48.899424,60,111
15,148,194,2021-12-23 23:39:04.899424,2022-01-01 14:57:35.899424,214,235
7,37,147,2022-06-11 11:57:14.897426,2022-06-24 01:21:10.897426,174,256
9,105,189,2023-02-27 08:50:09.898422,2023-02-27 22:16:50.898422,87,100
8,182,80,2022-12-14 21:57:19.899424,2023-01-12 06:34:51.899424,188,194
19,9,62,2022-07-16 12:26:05.897426,2022-08-02 16:32:34.897426,20,237
21,45,8,2021-08-17 15:57:33.897426,2021-08-20 11:58:52.897426,45,121
17,149,17,2022-10-26 20:03:30.899424,2022-11-04 13:36:46.899424,105,115
7,132,66,2022-07-26 06:18:00.898422,2022-07-26 14:32:34.898422,40,124
10,130,11,2022-07-16 16:21:22.898422,2022-11-26 21:36:17.898422,167,204
21,194,124,2023-03-09 01:56:55.899424,2023-03-09 13:13:16.899424,73,198
13,69,123,2022-02-18 01:22:11.898422,2022-04-25 03:39:44.898422,63,138
8,173,58,2023-02-13 14:04:02.899424,2023-02-18 17:25:41.899424,70,171
19,188,58,2023-03-05 01:33:16.899424,2023-03-08 12:23:00.899424,213,214
8,2,155,2023-01-03 21:53:27.897426,2023-01-04 10:40:13.897426,161,212
8,195,192,2021-08-08 19:52:03.899424,2022-01-06 12:12:57.899424,94,191
21,71,111,2022-11-04 14:42:50.898422,2022-11-09 05:46:37.898422,156,170
15,143,110,2022-06-08 17:55:18.898422,2022-07-28 16:43:32.898422,8,15
0,141,185,2023-01-29 00:17:51.898422,2023-02-08 10:15:18.898422,43,127
1,12,22,2023-01-20 13:59:54.897426,2023-01-22 00:06:52.897426,32,188
19,57,202,2021-11-06 19:56:54.897426,2021-11-08 07:52:00.897426,135,155
12,78,135,2022-06-06 04:01:38.898422,2022-06-13 12:10:11.898422,54,78
13,142,96,2021-12-31 06:56:55.898422,2021-12-31 20:12:51.898422,95,97
22,132,55,2022-10-05 09:16:31.898422,2022-10-27 08:01:02.898422,19,178
14,58,15,2022-04-23 18:41:06.897426,2022-05-02 17:52:30.897426,194,233
5,89,19,2022-11-15 16:24:39.898422,2022-11-17 21:52:06.898422,60,70
1,7,150,2021-08-30 17:21:58.897426,2021-09-05 12:08:54.897426,37,102
10,34,31,2022-05-31 01:13:42.897426,2022-06-06 16:25:44.897426,135,172
7,58,10,2022-04-27 19:41:29.897426,2022-05-03 14:40:28.897426,174,235
13,150,174,2022-10-08 02:05:37.899424,2022-11-07 16:26:05.899424,124,146
16,109,140,2021-08-13 22:04:44.898422,2022-01-26 11:02:30.898422,163,211
11,120,131,2022-12-11 02:52:24.898422,2023-01-05 05:00:01.898422,171,194
4,87,165,2022-06-17 21:14:56.898422,2022-07-15 14:36:21.898422,130,158
14,82,50,2021-12-22 22:45:09.898422,2022-12-12 19:01:41.898422,27,34
20,193,94,2022-11-01 08:07:44.899424,2022-11-02 21:09:03.899424,208,209
18,44,144,2022-07-04 07:36:14.897426,2022-07-05 03:02:10.897426,50,62
14,116,27,2021-12-29 03:38:17.898422,2021-12-31 00:09:27.898422,48,137
18,193,138,2022-11-03 18:57:44.899424,2022-11-04 12:23:48.899424,79,130
13,118,156,2022-10-05 10:14:55.898422,2022-10-14 22:52:45.898422,96,212
21,2,185,2022-08-11 16:55:04.897426,2022-12-29 11:08:48.897426,115,158
20,182,185,2023-01-12 09:39:42.899424,2023-01-17 10:46:29.899424,107,175
23,34,180,2022-04-04 05:08:12.897426,2022-04-12 06:19:29.897426,137,169
23,190,73,2023-02-11 17:22:19.899424,2023-02-12 03:29:18.899424,143,149
10,78,49,2022-04-18 07:44:30.898422,2022-05-17 18:53:38.898422,12,126
22,61,135,2022-10-05 17:25:22.897426,2023-01-27 01:37:27.897426,154,181
10,64,205,2022-07-22 11:12:20.897426,2022-12-07 13:30:02.897426,14,109
1,197,180,2022-12-18 12:51:41.899424,2023-01-20 06:27:03.899424,34,153
21,191,113,2021-11-29 07:00:20.899424,2023-02-11 02:15:38.899424,207,213
2,152,58,2022-08-06 12:17:51.899424,2022-08-15 19:28:25.899424,19,105
2,99,130,2022-10-22 10:37:10.898422,2022-11-04 10:53:58.898422,41,157
18,194,192,2023-03-08 04:39:02.899424,2023-03-12 02:55:34.899424,64,158
14,20,202,2022-02-06 16:13:12.897426,2022-03-01 22:11:58.897426,138,141
2,134,82,2023-02-27 15:19:46.898422,2023-02-28 15:30:15.898422,135,199
20,26,16,2022-08-24 18:21:02.897426,2022-08-30 20:09:07.897426,105,130
13,175,137,2023-01-12 22:46:36.899424,2023-01-27 15:52:44.899424,33,36
4,47,14,2022-08-23 21:26:08.897426,2022-09-08 22:37:22.897426,109,179
13,16,47,2023-03-03 13:24:17.897426,2023-03-06 05:40:55.897426,51,126
10,27,72,2022-11-05 17:44:07.897426,2022-12-19 10:22:26.897426,31,53
8,89,161,2022-10-27 02:04:57.898422,2022-11-12 12:18:41.898422,138,202
14,78,109,2022-05-17 04:50:53.898422,2022-06-05 02:01:19.898422,121,135
23,159,163,2023-01-21 18:31:29.899424,2023-01-22 00:30:39.899424,77,134
17,107,30,2022-08-21 13:03:23.898422,2022-09-20 06:03:52.898422,154,154
10,141,203,2023-02-21 15:45:51.898422,2023-03-04 00:42:16.898422,100,146
17,82,102,2022-11-17 11:55:01.898422,2023-02-04 00:10:20.898422,12,85
2,172,44,2022-09-07 16:03:47.899424,2022-11-26 00:45:48.899424,12,121
10,42,169,2021-08-27 08:06:48.897426,2021-09-24 22:11:18.897426,94,181
6,85,59,2022-06-25 18:42:59.898422,2022-09-15 19:38:46.898422,135,222
5,76,178,2022-12-05 20:32:58.898422,2023-01-04 23:29:43.898422,17,61
20,77,7,2022-10-05 20:08:57.898422,2022-12-24 18:46:38.898422,179,179
20,147,15,2022-09-01 08:08:01.899424,2022-09-17 15:46:39.899424,1,23
20,118,160,2022-09-28 21:26:39.898422,2022-10-07 06:28:42.898422,90,148
8,104,160,2022-08-05 02:09:39.898422,2022-08-07 07:51:47.898422,143,179
21,119,98,2022-05-19 07:09:36.898422,2022-07-12 07:17:13.898422,15,133
20,56,116,2022-04-30 05:41:29.897426,2022-06-27 02:23:59.897426,98,167
4,26,210,2022-08-21 21:00:07.897426,2022-08-24 18:51:20.897426,90,106
16,5,66,2023-02-19 23:48:23.897426,2023-02-25 02:46:34.897426,114,168
0,183,173,2021-09-20 19:40:46.899424,2022-07-31 09:07:58.899424,29,30
8,175,64,2023-01-24 20:38:54.899424,2023-02-04 06:38:29.899424,158,165
12,149,31,2022-09-29 16:31:17.899424,2022-10-12 02:58:14.899424,92,167
20,109,181,2021-08-16 00:02:47.898422,2022-01-06 12:39:03.898422,33,221
13,166,57,2022-09-20 20:39:33.899424,2022-11-13 16:23:57.899424,40,44
16,114,125,2023-03-16 07:27:54.898422,2023-03-19 03:34:16.898422,64,154
4,54,34,2022-11-01 15:26:40.897426,2022-12-04 11:16:20.897426,48,134
13,108,178,2023-01-14 16:35:09.898422,2023-01-29 23:34:03.898422,198,198
10,129,1,2021-06-02 17:54:09.898422,2021-09-07 21:46:45.898422,189,209
22,40,115,2022-06-01 03:59:15.897426,2022-11-29 20:27:27.897426,114,121
6,72,56,2023-03-18 03:20:19.898422,2023-03-18 20:46:27.898422,139,211
20,146,18,2023-03-06 09:56:25.899424,2023-03-07 23:26:03.899424,94,227
17,174,117,2021-12-17 17:24:23.899424,2021-12-18 22:27:08.899424,76,107
16,20,5,2022-02-01 22:40:09.897426,2022-04-07 23:58:19.897426,4,82
17,29,147,2022-07-21 18:29:53.897426,2022-07-22 09:21:25.897426,51,223
20,46,163,2021-06-10 18:02:25.897426,2021-07-26 12:14:28.897426,15,20
20,69,104,2022-07-04 19:28:02.898422,2022-08-04 22:02:33.898422,164,205
8,8,102,2022-01-28 14:30:23.897426,2022-02-26 17:08:44.897426,22,116
14,126,183,2021-12-08 19:07:21.898422,2022-11-14 18:36:00.898422,191,214
4,40,21,2022-10-22 08:22:43.897426,2022-12-03 14:39:41.897426,38,142
7,18,152,2021-12-17 15:28:20.897426,2022-02-04 01:09:43.897426,56,181
9,131,109,2021-10-22 16:15:40.898422,2022-06-21 21:36:40.898422,86,111
6,132,201,2022-10-29 22:04:30.898422,2022-12-21 18:31:40.898422,69,156
15,21,147,2022-09-22 22:14:31.897426,2022-12-19 09:32:46.897426,6,56
6,65,48,2021-09-11 05:13:17.897426,2021-09-23 18:17:58.897426,31,72
9,78,96,2022-04-23 00:50:30.898422,2022-06-13 20:25:50.898422,21,180
8,27,174,2022-12-24 15:25:48.897426,2023-01-02 23:26:16.897426,139,144
12,91,171,2023-02-17 14:29:59.898422,2023-03-03 14:32:50.898422,158,184
4,25,191,2022-07-23 09:59:34.897426,2022-08-24 15:35:07.897426,148,166
15,33,55,2022-12-14 13:20:30.897426,2022-12-18 14:57:27.897426,157,186
6,50,1,2022-06-22 06:37:11.897426,2022-06-27 01:32:20.897426,50,183
5,139,107,2023-01-01 10:26:20.898422,2023-01-05 10:05:57.898422,125,141
22,98,152,2022-06-17 04:06:27.898422,2022-07-28 20:47:04.898422,83,100
8,105,59,2023-02-27 00:34:35.898422,2023-02-27 12:07:34.898422,13,196
8,69,29,2022-02-05 16:23:40.898422,2022-07-21 02:34:14.898422,31,166
15,64,107,2022-12-24 10:35:14.897426,2023-02-28 02:17:49.897426,178,179
13,29,35,2022-07-21 06:56:36.897426,2022-07-23 20:58:20.897426,12,163
3,36,62,2022-01-06 07:50:00.897426,2022-09-21 13:23:55.897426,143,213
11,41,106,2022-10-01 14:11:15.897426,2022-10-08 00:36:06.897426,149,161
23,38,73,2023-01-25 19:38:33.897426,2023-02-23 04:31:01.897426,212,212
21,164,156,2022-10-01 15:14:06.899424,2022-11-22 15:13:19.899424,109,115
21,127,58,2021-07-23 02:56:23.898422,2021-08-03 19:30:49.898422,133,207
19,82,108,2022-07-05 06:07:31.898422,2022-10-19 22:55:28.898422,101,132
19,166,6,2022-06-30 18:04:41.899424,2022-07-03 06:19:08.899424,59,166
21,174,194,2021-11-16 18:53:54.899424,2021-12-15 17:38:25.899424,144,196
9,135,51,2022-09-13 09:42:02.898422,2022-09-29 03:31:21.898422,105,132
4,83,121,2023-03-14 02:02:23.898422,2023-03-17 11:44:00.898422,46,178
1,158,179,2022-08-31 05:37:56.899424,2022-10-20 02:00:33.899424,144,144
16,148,163,2021-11-08 12:43:26.899424,2021-11-21 21:12:08.899424,64,157
4,63,24,2022-09-18 05:53:42.897426,2022-09-21 15:49:47.897426,108,126
19,186,106,2023-03-18 01:35:03.899424,2023-03-20 09:17:23.899424,118,139
11,30,109,2021-09-21 14:12:45.897426,2021-10-06 11:29:31.897426,33,74
19,165,153,2022-12-23 04:08:12.899424,2023-01-17 00:55:55.899424,192,217
14,148,40,2021-12-04 08:02:14.899424,2021-12-28 12:50:30.899424,137,187
5,194,199,2023-03-09 22:18:14.899424,2023-03-09 23:41:18.899424,47,61
13,175,30,2023-01-02 01:24:08.899424,2023-01-26 07:03:51.899424,95,164
15,99,4,2022-09-13 11:50:29.898422,2022-12-12 18:59:39.898422,53,84
5,55,33,2021-06-28 14:33:06.897426,2021-07-29 11:26:39.897426,93,108
12,98,150,2022-05-17 03:40:05.898422,2022-06-29 17:27:10.898422,241,249
14,57,184,2021-11-10 03:45:36.897426,2021-11-10 17:53:12.897426,180,219
3,88,190,2021-10-11 23:18:44.898422,2021-10-31 06:09:14.898422,44,82
11,133,204,2022-06-28 15:18:12.898422,2022-09-29 09:56:21.898422,178,179
16,18,152,2021-11-19 00:36:39.897426,2022-01-30 09:17:29.897426,68,182
23,73,66,2023-02-26 16:42:59.898422,2023-02-27 22:14:53.898422,68,138
22,158,190,2022-05-02 02:49:33.899424,2022-05-24 02:37:42.899424,127,195
17,137,16,2021-11-03 13:42:04.898422,2021-12-31 21:38:27.898422,16,153
19,129,190,2021-09-20 09:17:44.898422,2021-10-22 12:06:31.898422,206,212
15,26,128,2022-08-16 15:47:11.897426,2022-08-29 20:34:38.897426,79,145
4,194,56,2023-03-09 11:40:17.899424,2023-03-10 23:56:27.899424,7,196
18,94,66,2021-06-04 18:43:55.898422,2021-06-06 12:32:46.898422,35,73
0,59,142,2023-01-23 10:07:54.897426,2023-02-06 04:29:31.897426,86,164
20,122,103,2021-12-09 16:04:43.898422,2022-08-20 13:05:18.898422,71,107
0,191,64,2023-02-01 10:46:32.899424,2023-02-14 21:38:36.899424,124,160
21,3,162,2022-07-21 02:51:16.897426,2022-08-23 00:15:39.897426,133,163
18,136,193,2022-08-18 23:30:09.898422,2022-12-20 11:21:04.898422,167,167
15,27,195,2022-11-15 11:57:41.897426,2022-11-21 14:40:23.897426,71,191
3,151,34,2022-09-18 05:08:29.899424,2023-01-05 16:44:06.899424,32,154
13,188,121,2023-03-05 12:39:34.899424,2023-03-05 21:43:18.899424,51,196
14,105,180,2023-02-27 13:31:41.898422,2023-02-28 00:05:49.898422,4,91
12,73,44,2023-02-25 01:32:30.898422,2023-02-27 05:35:02.898422,25,118
13,114,95,2023-03-12 13:28:39.898422,2023-03-16 01:15:35.898422,174,175
8,106,150,2022-12-19 06:44:39.898422,2022-12-27 23:36:43.898422,202,205
5,127,73,2021-09-01 14:12:04.898422,2021-09-03 22:09:55.898422,120,191
5,98,104,2022-07-26 15:36:27.898422,2022-07-26 15:54:40.898422,8,191
20,3,60,2022-07-07 18:34:26.897426,2022-07-10 22:26:45.897426,86,162
14,39,84,2021-06-14 21:33:46.897426,2021-08-28 22:50:37.897426,209,209
17,37,131,2022-06-17 23:24:01.897426,2022-06-20 07:02:25.897426,32,57
15,146,123,2023-03-05 12:18:40.899424,2023-03-07 10:21:48.899424,17,148
0,20,87,2022-03-09 08:16:32.897426,2022-03-14 12:29:02.897426,31,70
4,166,23,2022-07-21 16:04:31.899424,2022-09-23 09:22:38.899424,213,217
15,58,152,2022-05-02 10:24:35.897426,2022-05-18 18:33:45.897426,35,167
22,65,93,2021-09-23 21:12:27.897426,2021-09-26 16:21:41.897426,39,64
20,65,54,2021-09-26 16:03:16.897426,2021-10-13 20:03:29.897426,68,151
9,25,202,2022-05-03 01:58:13.897426,2022-05-09 17:25:47.897426,60,167
0,75,80,2022-06-01 09:59:29.898422,2022-12-22 03:38:36.898422,139,212
20,145,53,2021-12-30 10:16:31.899424,2022-04-08 11:35:34.899424,34,59
22,21,136,2022-10-30 06:02:51.897426,2022-11-18 05:20:54.897426,72,160
18,80,204,2022-08-13 05:32:05.898422,2022-12-22 23:01:21.898422,178,179
18,130,62,2023-01-04 21:43:31.898422,2023-02-21 06:33:55.898422,34,168
3,102,108,2022-12-14 02:28:56.898422,2022-12-23 19:54:37.898422,35,112
15,82,69,2022-05-16 10:57:52.898422,2022-11-10 10:53:33.898422,194,212
11,185,80,2022-10-03 14:37:45.899424,2022-10-19 06:25:28.899424,12,199
2,179,152,2021-09-06 21:37:40.899424,2021-12-01 04:05:20.899424,94,126
19,88,153,2021-10-18 09:23:11.898422,2021-12-04 13:49:09.898422,74,167
2,6,40,2021-07-27 10:46:49.897426,2021-08-01 09:45:58.897426,13,185
15,115,166,2022-08-30 19:21:53.898422,2022-09-16 01:41:01.898422,171,179
16,20,53,2021-11-23 15:32:18.897426,2022-04-01 21:48:28.897426,75,165
12,40,75,2022-02-26 10:53:12.897426,2022-03-14 01:20:04.897426,92,115
0,129,39,2021-05-16 10:52:09.898422,2021-06-07 13:19:14.898422,58,164
21,166,116,2022-02-26 05:56:56.899424,2022-07-27 00:07:01.899424,77,145
7,136,148,2022-03-24 02:09:16.898422,2023-01-24 12:44:16.898422,175,209
0,97,140,2022-09-22 16:19:11.898422,2022-09-23 18:32:59.898422,271,283
7,177,135,2022-06-13 02:39:50.899424,2023-02-06 19:30:14.899424,119,150
10,176,94,2022-05-26 11:51:36.899424,2022-08-01 23:53:45.899424,55,68
8,92,195,2022-07-11 23:04:16.898422,2022-08-12 10:22:44.898422,44,94
1,23,117,2022-05-19 13:55:57.897426,2022-10-07 09:27:28.897426,53,68
17,89,65,2022-11-08 08:42:34.898422,2022-11-14 10:46:56.898422,130,163
17,129,2,2021-10-10 15:25:23.898422,2021-10-14 05:26:41.898422,218,229
19,161,159,2022-12-11 12:32:31.899424,2022-12-14 19:19:40.899424,38,61
8,12,122,2023-01-22 04:20:28.897426,2023-01-24 12:49:17.897426,124,218
12,100,104,2021-08-26 04:52:20.898422,2021-12-05 19:15:33.898422,156,188
3,121,117,2023-02-15 22:41:48.898422,2023-02-18 20:05:11.898422,5,196
14,129,79,2021-09-04 06:41:39.898422,2021-12-13 04:30:11.898422,79,123
10,139,205,2022-12-10 03:42:55.898422,2022-12-12 03:07:18.898422,153,208
7,20,190,2022-03-14 22:15:07.897426,2022-04-07 10:11:59.897426,143,197
1,161,17,2022-12-16 12:04:20.899424,2022-12-16 18:07:02.899424,146,213
8,95,85,2022-07-04 15:39:51.898422,2022-07-29 00:11:52.898422,164,184
16,112,78,2022-12-25 11:17:07.898422,2023-01-06 23:05:48.898422,78,128
12,87,148,2022-05-02 07:05:00.898422,2022-05-23 04:27:37.898422,247,248
8,51,48,2022-04-18 02:45:23.897426,2022-04-22 01:47:41.897426,93,180
19,21,81,2023-01-18 00:29:05.897426,2023-01-21 04:17:55.897426,198,209
10,106,139,2021-12-02 06:09:21.898422,2022-06-25 08:47:19.898422,254,257
12,76,103,2023-01-20 15:33:43.898422,2023-01-20 16:53:27.898422,40,181
16,68,35,2022-04-29 22:14:53.898422,2022-05-19 08:58:27.898422,65,184
5,88,123,2021-09-22 20:35:18.898422,2021-11-12 18:42:42.898422,14,100
15,15,81,2021-10-21 23:18:31.897426,2021-11-06 11:40:20.897426,189,209
15,17,175,2022-06-20 01:43:22.897426,2022-07-01 03:10:30.897426,35,54
18,66,18,2023-03-07 00:37:50.897426,2023-03-10 01:26:33.897426,167,226
9,69,42,2022-08-13 12:01:32.898422,2022-08-16 14:51:21.898422,180,185
19,195,195,2021-12-26 06:54:11.899424,2022-01-16 15:10:41.899424,105,194
7,27,146,2022-11-15 18:44:43.897426,2022-11-18 12:20:09.897426,56,232
0,160,82,2021-09-18 23:43:45.899424,2021-11-11 17:23:08.899424,63,136
10,89,31,2022-11-06 17:52:37.898422,2022-11-08 07:07:32.898422,94,97
20,105,48,2023-02-27 16:07:42.898422,2023-02-27 18:14:52.898422,7,8
13,11,129,2022-09-08 05:34:54.897426,2022-09-08 19:41:05.897426,37,106
11,50,145,2021-10-24 14:40:37.897426,2022-04-10 05:28:25.897426,147,151
17,52,156,2022-02-05 17:51:37.897426,2022-08-22 17:41:00.897426,56,186
14,103,207,2021-08-15 16:34:53.898422,2021-08-18 20:14:25.898422,172,242
21,8,1,2021-07-29 20:59:05.897426,2021-11-30 08:05:38.897426,100,131
2,60,114,2022-04-11 01:41:45.897426,2022-06-21 22:51:15.897426,9,84
4,136,156,2022-06-11 12:56:17.898422,2023-01-18 00:49:25.898422,174,189
17,5,127,2023-02-08 16:21:55.897426,2023-02-23 00:05:28.897426,134,209
11,141,191,2023-02-20 19:00:51.898422,2023-03-02 20:21:52.898422,26,45
5,102,48,2022-10-21 13:43:22.898422,2022-12-21 02:39:44.898422,71,151
6,187,182,2022-06-30 14:57:43.899424,2022-09-15 21:32:54.899424,60,97
2,47,60,2022-01-28 21:35:43.897426,2022-09-18 03:34:30.897426,111,224
5,191,57,2022-06-17 11:55:27.899424,2022-11-28 08:37:56.899424,99,218
11,69,197,2022-01-31 06:31:06.898422,2022-03-27 18:59:05.898422,150,159
7,192,175,2022-09-15 02:38:22.899424,2022-10-30 07:18:23.899424,176,186
2,175,95,2023-01-29 20:51:07.899424,2023-02-07 18:45:58.899424,122,159
19,189,12,2022-09-25 18:14:06.899424,2022-09-26 06:41:10.899424,173,195
12,58,61,2022-05-15 08:12:12.897426,2022-05-27 15:04:19.897426,201,248
17,125,81,2021-10-31 17:24:47.898422,2021-11-02 12:24:36.898422,171,193
13,134,166,2023-02-19 19:08:43.898422,2023-02-28 17:44:22.898422,73,141
13,159,139,2022-08-05 18:51:08.899424,2022-12-05 20:18:51.899424,34,70
13,16,114,2023-03-03 07:18:23.897426,2023-03-06 14:20:57.897426,120,183
23,22,111,2022-06-08 15:35:12.897426,2022-09-11 23:02:29.897426,30,40
13,23,202,2022-08-19 01:08:01.897426,2022-08-30 12:44:05.897426,160,172
21,34,51,2022-05-28 15:20:38.897426,2022-06-04 21:42:00.897426,152,159
7,44,46,2022-06-30 20:55:30.897426,2022-07-03 18:29:19.897426,86,99
2,114,49,2023-03-14 13:24:19.898422,2023-03-16 19:29:48.898422,126,161
23,197,172,2022-11-01 20:51:59.899424,2022-11-10 19:10:48.899424,50,155
14,199,111,2022-10-19 13:13:21.899424,2023-02-12 18:12:02.899424,43,172
7,120,193,2022-12-20 19:16:31.898422,2023-01-09 05:20:56.898422,60,101
8,97,180,2022-10-24 09:52:15.898422,2022-11-08 23:08:08.898422,42,106
11,54,132,2022-12-23 12:51:21.897426,2023-02-16 12:14:32.897426,87,91
17,83,174,2023-03-11 17:11:13.898422,2023-03-15 05:54:12.898422,83,195
7,61,45,2021-05-01 22:00:12.897426,2022-03-31 02:15:45.897426,138,189
13,151,105,2022-10-14 02:33:16.899424,2023-01-28 07:35:37.899424,101,158
12,148,157,2021-12-17 15:59:58.899424,2021-12-30 11:54:48.899424,135,154
11,67,126,2022-10-26 10:50:53.897426,2023-02-10 18:28:55.897426,165,169
8,179,109,2022-05-23 17:12:21.899424,2022-05-23 19:49:00.899424,67,122
16,129,76,2021-06-15 20:33:20.898422,2021-08-24 01:09:06.898422,203,224
3,197,125,2022-11-06 22:59:22.899424,2022-11-22 22:45:41.899424,101,167
3,42,209,2021-07-29 01:33:51.897426,2021-09-12 17:32:07.897426,95,132
1,177,191,2021-11-26 23:13:04.899424,2022-06-07 09:47:22.899424,143,196
10,159,53,2022-11-12 02:57:50.899424,2023-01-01 09:31:33.899424,142,167
12,55,199,2021-06-04 10:14:21.897426,2021-12-03 19:19:19.897426,53,78
5,57,89,2021-11-04 04:55:40.897426,2021-11-09 04:30:26.897426,142,156
23,165,18,2022-11-10 02:12:31.899424,2023-01-14 23:37:10.899424,108,165
15,152,1,2022-08-02 22:06:27.899424,2022-08-04 07:57:43.899424,164,182
12,41,189,2022-10-26 12:24:38.897426,2022-12-04 07:25:59.897426,10,128
2,27,94,2022-12-10 02:41:08.897426,2023-01-09 23:24:00.897426,125,160
16,35,33,2022-06-23 23:30:45.897426,2022-10-06 06:14:10.897426,55,105
3,176,151,2022-04-12 13:39:17.899424,2022-08-07 01:12:29.899424,116,211
18,97,54,2022-10-14 20:30:38.898422,2022-11-09 15:56:33.898422,75,149
22,70,204,2022-02-04 17:15:32.898422,2022-02-15 09:50:39.898422,117,123
20,30,211,2021-10-02 05:30:59.897426,2021-10-03 00:02:47.897426,118,126
15,70,211,2022-02-04 20:10:57.898422,2022-02-08 03:14:19.898422,118,145
5,185,157,2022-09-19 21:47:24.899424,2022-11-08 23:24:28.899424,138,224
1,165,106,2022-11-30 05:27:28.899424,2023-02-05 18:28:47.899424,159,170
18,183,32,2022-08-31 18:26:25.899424,2022-09-16 12:38:47.899424,173,175
7,143,157,2022-06-13 12:40:39.898422,2022-06-28 12:30:11.898422,14,119
8,94,152,2021-06-03 00:45:37.898422,2021-06-03 11:06:14.898422,53,76
22,42,208,2021-10-31 23:49:19.897426,2021-11-07 12:24:51.897426,216,224
6,133,186,2022-07-17 04:38:45.898422,2022-11-25 02:18:03.898422,167,183
5,28,67,2022-01-17 15:51:44.897426,2022-04-14 07:04:02.897426,111,189
2,50,33,2021-11-21 16:34:48.897426,2022-01-25 06:08:06.897426,144,171
20,82,28,2022-03-01 13:18:21.898422,2022-09-26 03:40:28.898422,187,187
5,17,20,2021-10-19 15:02:40.897426,2022-07-01 06:05:21.897426,159,159
18,26,137,2022-08-15 20:24:32.897426,2022-08-22 22:42:21.897426,61,151
10,194,173,2023-03-07 23:07:30.899424,2023-03-09 00:50:14.899424,174,174
4,198,42,2022-06-28 09:22:16.899424,2022-09-14 22:00:15.899424,187,189
14,182,137,2023-02-05 17:18:34.899424,2023-03-01 10:56:39.899424,55,115
6,4,88,2021-09-29 10:50:39.897426,2021-10-18 01:46:53.897426,22,33
4,117,99,2022-01-23 12:20:50.898422,2022-07-08 03:39:56.898422,54,68
19,161,28,2022-12-15 00:47:03.899424,2022-12-15 20:01:23.899424,183,193
13,151,28,2022-10-03 09:02:01.899424,2022-12-03 08:32:33.899424,152,160
10,69,130,2021-10-04 23:16:28.898422,2022-05-01 23:36:56.898422,108,161
5,150,99,2022-09-13 03:54:38.899424,2022-12-14 23:47:16.899424,99,101
15,67,148,2022-09-26 09:16:01.897426,2023-02-06 16:38:35.897426,116,247
0,186,113,2023-03-15 19:44:54.899424,2023-03-17 01:37:38.899424,165,186
4,7,209,2021-09-08 15:34:44.897426,2021-09-11 12:32:50.897426,129,146
8,86,199,2021-09-16 21:08:52.898422,2022-12-27 21:52:24.898422,151,155
20,51,91,2022-02-27 01:58:56.897426,2022-04-27 02:06:33.897426,195,195
2,24,90,2022-05-07 23:14:11.897426,2022-05-14 11:58:09.897426,115,193
16,179,206,2021-08-29 00:23:37.899424,2021-12-18 05:37:40.899424,53,79
10,175,89,2023-01-02 07:35:40.899424,2023-02-05 06:08:08.899424,194,195
16,181,9,2022-02-19 15:12:49.899424,2022-03-02 19:54:15.899424,53,80
0,39,14,2021-06-22 11:45:28.897426,2021-07-11 07:50:17.897426,74,219
1,15,137,2021-11-22 03:07:40.897426,2022-01-16 15:12:39.897426,161,180
5,183,65,2022-06-28 03:46:08.899424,2022-09-16 18:53:02.899424,69,112
0,59,132,2023-01-09 06:19:41.897426,2023-01-30 01:12:29.897426,104,114
22,93,170,2022-11-01 23:02:03.898422,2022-12-31 22:26:02.898422,113,154
10,200,117,2023-03-12 22:19:44.899424,2023-03-13 12:38:37.899424,142,187
14,19,132,2022-01-31 19:09:14.897426,2022-04-28 04:45:53.897426,165,205
0,141,175,2023-02-10 05:36:46.898422,2023-02-16 16:29:51.898422,84,114
12,100,126,2021-06-20 15:39:48.898422,2021-07-17 21:32:20.898422,147,152
7,88,107,2021-10-10 18:32:35.898422,2021-11-05 14:05:25.898422,158,164
5,44,83,2022-07-04 18:48:00.897426,2022-07-05 09:06:41.897426,170,195
19,93,193,2022-12-05 04:56:01.898422,2022-12-10 18:33:26.898422,153,154
0,23,101,2022-07-25 16:56:05.897426,2022-11-03 08:49:10.897426,1,73
20,57,195,2021-11-05 04:17:52.897426,2021-11-08 02:32:49.897426,87,90
13,143,123,2022-04-28 01:29:54.898422,2022-04-29 09:47:52.898422,49,183
2,177,98,2022-01-28 10:47:06.899424,2022-03-14 12:43:08.899424,149,155
10,152,66,2022-07-31 18:26:28.899424,2022-08-15 02:09:53.899424,60,120
8,59,186,2023-01-29 23:05:00.897426,2023-02-02 12:20:05.897426,100,138
14,146,158,2023-03-09 11:53:40.899424,2023-03-09 22:10:49.899424,94,167
6,85,101,2022-08-27 02:45:41.898422,2022-11-23 21:48:49.898422,90,118
2,19,160,2022-02-21 22:55:02.897426,2022-04-29 12:51:43.897426,129,190
2,155,66,2022-03-27 07:29:20.899424,2022-04-06 14:03:18.899424,131,152
5,71,187,2022-10-24 00:35:50.898422,2022-11-02 21:54:28.898422,22,153
2,118,200,2022-09-28 00:33:36.898422,2022-10-14 09:32:59.898422,80,137
11,13,110,2022-09-03 07:25:49.897426,2022-10-06 20:24:36.897426,176,185
1,51,129,2022-02-13 08:18:57.897426,2022-03-05 18:17:08.897426,87,142
7,143,15,2022-07-13 14:36:05.898422,2022-09-22 20:37:14.898422,96,223
8,136,40,2022-12-28 16:41:41.898422,2023-01-03 11:31:13.898422,25,156
19,110,10,2022-10-31 03:35:39.898422,2023-02-03 08:15:00.898422,173,180
20,43,134,2023-02-13 02:22:19.897426,2023-02-17 05:00:51.897426,160,171
0,39,140,2021-05-22 02:32:58.897426,2021-12-03 02:41:34.897426,283,283
20,164,107,2022-05-24 09:01:55.899424,2022-05-24 22:08:25.899424,168,177
11,190,155,2022-12-17 16:11:15.899424,2022-12-19 16:47:46.899424,216,228
13,71,199,2022-10-22 06:51:30.898422,2022-11-09 18:03:20.898422,112,114
4,65,10,2021-09-10 11:46:45.897426,2021-10-07 15:41:15.897426,171,198
12,171,40,2022-06-06 01:04:36.899424,2022-06-19 00:30:57.899424,114,200
15,151,182,2022-09-22 12:20:39.899424,2023-02-16 10:44:53.899424,134,140
4,144,50,2022-04-23 06:11:47.899424,2022-08-20 08:48:12.899424,147,196
10,145,56,2022-03-31 05:51:05.899424,2022-06-09 05:48:04.899424,1,40
14,7,197,2021-09-09 02:37:51.897426,2021-09-09 15:41:04.897426,167,169
16,70,166,2022-01-31 18:48:27.898422,2022-02-08 08:05:36.898422,41,79
13,116,66,2021-11-24 17:47:51.898422,2021-12-03 05:29:05.898422,152,176
22,56,87,2021-12-23 12:55:10.897426,2022-07-19 14:06:16.897426,112,136
19,190,107,2022-08-01 08:29:21.899424,2022-12-11 23:14:08.899424,34,160
10,157,194,2022-09-03 18:08:17.899424,2022-10-11 23:27:28.899424,3,58
10,90,88,2022-11-12 22:54:42.898422,2022-11-22 11:45:54.898422,130,156
4,145,177,2022-03-31 07:06:22.899424,2022-06-13 13:29:16.899424,130,174
14,63,193,2022-08-10 09:03:44.897426,2022-09-07 04:48:27.897426,44,173
15,185,89,2022-11-04 20:51:59.899424,2022-11-06 17:25:44.899424,117,140
11,130,126,2022-03-25 09:41:08.898422,2023-01-16 21:07:56.898422,14,32
5,192,89,2022-06-18 05:24:36.899424,2022-08-17 19:10:20.899424,65,181
2,50,14,2021-06-24 04:17:58.897426,2021-06-28 21:14:15.897426,131,208
2,77,149,2022-12-18 09:18:11.898422,2023-01-13 20:04:53.898422,203,217
1,185,111,2022-09-09 00:34:17.899424,2022-10-30 20:57:28.899424,166,170
2,131,64,2022-02-24 04:04:12.898422,2022-07-30 14:40:30.898422,79,168
17,109,131,2021-12-27 12:32:59.898422,2022-04-17 13:07:03.898422,12,125
22,32,192,2022-08-31 10:48:32.897426,2022-09-16 23:02:04.897426,34,106
13,87,36,2022-04-25 23:38:46.898422,2022-05-14 20:13:14.898422,112,137
20,53,10,2021-11-10 03:20:04.897426,2021-11-11 06:12:09.897426,88,133
17,84,116,2022-12-19 23:26:20.898422,2023-02-25 01:41:21.898422,68,85
23,146,122,2023-03-10 02:30:15.899424,2023-03-10 14:07:59.899424,15,147
8,110,184,2022-10-11 06:04:08.898422,2022-10-16 01:23:25.898422,6,146
12,35,125,2022-06-17 17:44:44.897426,2022-08-06 05:13:10.897426,90,95
17,16,199,2023-03-02 15:26:01.897426,2023-03-04 00:25:55.897426,122,147
11,139,45,2022-12-18 22:10:14.898422,2022-12-29 05:40:09.898422,122,142
8,87,2,2022-04-29 02:22:16.898422,2022-04-30 21:19:59.898422,75,191
14,107,83,2022-04-02 06:57:36.898422,2022-10-14 02:24:57.898422,83,187
