00000000,gpa,&conM,Gerardo,Pacheco,gpa@aol.com,2021-11-06 19:06:57.897426,2022-08-01 21:49:08.897426
00000000,cza,t#cS,Caspian,Zavala,cza@gmail.com,2022-03-07 20:07:42.897426,2023-01-07 21:40:00.897426
00000000,awi,%PRpGNUJ,Arthur,Williams,awi@gmail.com,2022-03-12 21:50:05.897426,2022-09-11 05:06:02.897426
00000000,gnu,E*LBlK,Gian,Nunez,gnu@aol.com,2021-08-07 21:55:47.897426,2022-03-19 02:43:26.897426
00000000,bbl,*B{lQKmI,Bjorn,Blair,bbl@msn.com,2023-02-02 09:47:12.897426,2023-02-26 09:14:06.897426
00000000,wde,?nIIPT,Winston,Delarosa,wde@aol.com,2021-07-01 07:53:54.897426,2021-09-13 22:42:28.897426
00000000,jba,@Jpi|zLR,Jon,Barrett,jba@hotmail.com,2021-08-25 20:00:05.897426,2021-09-11 19:32:05.897426
00000000,lbu,TV[!r,Louie,Burke,lbu@aol.com,2021-03-23 21:59:00.897426,2022-04-08 10:50:12.897426
00000000,kdu,d*SE[,Keaton,Dunlap,kdu@yahoo.com,2022-05-06 17:39:33.897426,2022-09-14 18:00:30.897426
00000000,ere,wi!,Erick,Reeves,ere@yahoo.com,2022-02-22 21:14:41.897426,2022-06-26 06:04:59.897426
00000000,lko,%kGCUTB,Lewis,Koch,lko@yahoo.com,2022-06-17 00:35:26.897426,2022-09-18 20:36:35.897426
00000000,rhe,@RIJJrc,Rome,Herrera,rhe@aol.com,2023-01-20 12:02:32.897426,2023-01-27 11:29:04.897426
00000000,mwh,$nvNHCKE,Marcelo,Whitehead,mwh@gmail.com,2022-07-15 17:40:20.897426,2022-11-08 13:37:10.897426
00000000,sah,O?JjRu,Sean,Ahmed,sah@msn.com,2022-07-26 05:14:35.897426,2022-11-08 16:16:48.897426
00000000,mva,W#m,Matthias,Vazquez,mva@msn.com,2021-08-23 04:39:16.897426,2022-01-25 02:30:16.897426
00000000,ede,?VTFCzf,Edward,Decker,ede@msn.com,2023-03-01 22:03:18.897426,2023-03-08 16:22:27.897426
00000000,rru,*qfhiPf,Riggs,Russo,rru@yahoo.com,2021-10-17 15:51:22.897426,2022-08-04 20:21:16.897426
00000000,msp,P?sub,Maximilian,Spears,msp@gmail.com,2021-11-14 17:12:39.897426,2022-02-11 03:26:19.897426
00000000,kha,&BO,Kyson,Hall,kha@msn.com,2021-10-24 01:21:32.897426,2022-09-29 15:22:31.897426
00000000,ckn,bg*fzFf,Chandler,Knight,ckn@yahoo.com,2021-10-23 03:54:29.897426,2022-04-16 20:12:20.897426
00000000,tre,[$IeUR,Thatcher,Reeves,tre@gmail.com,2022-09-01 03:17:19.897426,2023-02-07 08:11:18.897426
00000000,jbr,@IO,Johnathan,Bradley,jbr@yahoo.com,2021-12-31 20:01:54.897426,2023-01-23 06:37:13.897426
00000000,bgr,B*TqJeb,Benedict,Griffin,bgr@aol.com,2022-03-15 00:22:07.897426,2022-11-15 17:00:31.897426
00000000,abl,V#XPE,Abram,Blair,abl@msn.com,2022-04-04 22:05:37.897426,2022-05-17 16:32:14.897426
00000000,lha,A?pKrVX,Layton,Hanna,lha@hotmail.com,2021-08-23 19:25:58.897426,2022-10-17 22:49:59.897426
00000000,cgr,?IvZW,Casey,Grant,cgr@aol.com,2022-08-13 06:07:48.897426,2022-09-01 20:16:06.897426
00000000,kde,d&DlELsO,Killian,Delgado,kde@hotmail.com,2022-10-14 08:58:12.897426,2023-01-13 20:44:50.897426
00000000,mpe,u&ABrwJR,Marshall,Peters,mpe@hotmail.com,2021-06-03 07:48:45.897426,2022-05-14 01:38:14.897426
00000000,wto,$gQGH,Westley,Torres,wto@gmail.com,2022-07-11 23:34:42.897426,2022-07-25 08:49:57.897426
00000000,wlu,p&LKYstn,Watson,Lucas,wlu@msn.com,2021-09-15 09:08:43.897426,2021-10-08 00:50:27.897426
00000000,rbo,C*JvORp,Ronin,Bowman,rbo@gmail.com,2022-12-14 15:51:19.897426,2023-02-07 03:45:35.897426
00000000,eca,@jQnfTjg,Emmett,Carpenter,eca@gmail.com,2022-08-02 04:23:49.897426,2022-12-01 14:54:59.897426
00000000,ema,l#{KsO,Eddie,Mahoney,ema@gmail.com,2022-11-24 03:58:36.897426,2022-12-23 10:02:27.897426
00000000,mwa,!xxBGcrR,Moshe,Watts,mwa@yahoo.com,2022-03-29 17:10:59.897426,2022-06-10 16:45:49.897426
00000000,jha,#rvCJc[,Javier,Hawkins,jha@hotmail.com,2022-05-25 18:40:14.897426,2022-10-16 00:11:40.897426
00000000,kro,?uvn,Kayden,Rodriguez,kro@yahoo.com,2021-12-24 04:39:32.897426,2023-02-04 17:32:31.897426
00000000,aro,@SYlmDsD,Allan,Roy,aro@aol.com,2022-05-08 23:45:11.897426,2022-06-25 02:51:16.897426
00000000,jes,jg?FrNIs,Jaxon,Estrada,jes@msn.com,2023-01-21 02:32:15.897426,2023-02-24 12:17:59.897426
00000000,zst,@ZRvpiO,Zavier,Stark,zst@yahoo.com,2021-04-05 00:38:27.897426,2021-12-19 11:09:04.897426
00000000,ifr,DMp#sDiu,Issac,Franklin,ifr@gmail.com,2021-12-26 15:59:58.897426,2023-01-02 14:38:52.897426
00000000,cga,!mz|,Callahan,Gates,cga@msn.com,2022-08-26 06:11:36.897426,2022-12-21 07:23:25.897426
00000000,cvi,@tzdp,Chandler,Villanueva,cvi@aol.com,2021-06-15 18:20:52.897426,2021-11-18 16:09:15.897426
00000000,ifr0,*OifXjb,Idris,Frye,ifr0@hotmail.com,2022-08-27 22:40:42.897426,2023-02-23 16:42:59.897426
00000000,hgr,!hy,Hassan,Gross,hgr@hotmail.com,2022-06-30 20:30:44.897426,2022-07-05 20:20:18.897426
00000000,efr,$ZFS,Emmett,Frye,efr@yahoo.com,2021-08-14 23:31:50.897426,2021-08-25 04:05:05.897426
00000000,lbo,vb&,Louis,Bond,lbo@gmail.com,2021-04-26 12:04:02.897426,2022-08-21 08:25:01.897426
00000000,flo,*phAXCt{,Fox,Long,flo@msn.com,2021-12-13 23:55:35.897426,2022-10-18 08:25:37.897426
00000000,hdy,srV@,Hayden,Dyer,hdy@gmail.com,2021-06-06 18:35:42.897426,2021-08-26 20:02:51.897426
00000000,mco,@ZiFI,Milan,Cortez,mco@gmail.com,2021-10-25 04:19:21.897426,2022-04-22 23:08:50.897426
00000000,bsk,[@qLhz,Bryan,Skinner,bsk@yahoo.com,2021-04-19 14:33:09.897426,2022-07-03 07:07:26.897426
00000000,jca,w%j,Jakai,Carpenter,jca@aol.com,2021-12-06 18:54:45.897426,2022-05-26 10:25:37.897426
00000000,ksi,@sYLOSu,Kai,Simon,ksi@aol.com,2022-02-01 03:21:51.897426,2023-02-06 10:04:31.897426
00000000,bbu,$Cs[ZXP,Bryant,Burke,bbu@yahoo.com,2021-10-17 05:25:59.897426,2021-11-14 16:01:25.897426
00000000,pca,Kw!V,Patrick,Castro,pca@aol.com,2022-10-14 00:29:18.897426,2023-03-02 13:55:09.897426
00000000,npo,#VR,Nikolas,Pope,npo@msn.com,2021-05-30 05:55:30.897426,2021-12-17 08:40:11.897426
00000000,lpi,&WeoQgE,Luis,Pittman,lpi@msn.com,2021-05-27 18:15:29.897426,2022-10-18 05:19:37.897426
00000000,lha0,$PkeMqw,Lawson,Hart,lha0@aol.com,2021-10-29 10:10:50.897426,2021-11-11 03:25:36.897426
00000000,ary,Vx@,Abel,Ryan,ary@msn.com,2022-03-16 12:17:26.897426,2022-05-30 12:30:44.897426
00000000,lde,ttT*,Levi,Dean,lde@yahoo.com,2022-12-23 03:56:36.897426,2023-02-14 13:20:02.897426
00000000,bpr,@Xbj,Bruce,Prince,bpr@aol.com,2021-05-05 17:06:57.897426,2022-06-29 11:45:29.897426
00000000,sva,*KdhQG,Shepherd,Vargas,sva@msn.com,2021-04-21 01:25:34.897426,2023-02-16 22:19:12.897426
00000000,svi,@HuC,Salem,Villalobos,svi@yahoo.com,2022-09-14 05:25:08.897426,2022-10-06 15:58:26.897426
00000000,kbl,s?bZmD,Kylo,Blevins,kbl@msn.com,2022-08-07 23:40:25.897426,2022-09-30 13:46:19.897426
00000000,lhi,iQ[E$[F,Lennox,Hill,lhi@msn.com,2022-06-29 01:47:22.897426,2023-03-12 14:46:53.897426
00000000,cca,i@AWqKE,Cyrus,Casey,cca@gmail.com,2021-08-27 12:04:27.897426,2021-10-14 19:54:13.897426
00000000,wmo,!AGHoQ,Wallace,Morse,wmo@gmail.com,2023-03-05 03:42:42.897426,2023-03-16 03:44:15.897426
00000000,enu,&mqljd,Everest,Nunez,enu@aol.com,2022-09-12 02:39:03.897426,2023-02-15 11:44:37.897426
00000000,lfl,*OczrZie,Louis,Flores,lfl@yahoo.com,2022-02-20 16:58:47.898422,2022-06-02 06:32:53.898422
00000000,hcr,$CVK,Hugo,Crawford,hcr@gmail.com,2021-05-21 02:54:52.898422,2022-09-22 18:42:45.898422
00000000,jvi,v$y,Jonah,Villanueva,jvi@aol.com,2022-01-24 16:07:20.898422,2022-02-17 05:42:37.898422
00000000,oha,&Xm,Omar,Harvey,oha@aol.com,2022-10-21 08:55:06.898422,2022-11-11 03:01:24.898422
00000000,jca0,${sqWO,Jon,Case,jca0@hotmail.com,2023-03-05 23:40:11.898422,2023-03-19 22:50:24.898422
00000000,dch,|$BUwNSA,Dimitri,Chase,dch@hotmail.com,2023-02-22 18:12:46.898422,2023-03-02 13:38:15.898422
00000000,lsh,KF#,Loyal,Shaffer,lsh@yahoo.com,2022-01-04 22:29:20.898422,2022-09-04 10:30:38.898422
00000000,iha,[jGnNJ@t,Izaiah,Harding,iha@hotmail.com,2021-11-17 00:35:28.898422,2023-01-05 23:09:31.898422
00000000,zod,@YoRAm|J,Zayne,Odonnell,zod@yahoo.com,2022-11-05 01:37:59.898422,2023-02-11 05:43:56.898422
00000000,kro0,%DPr[,Kelvin,Romero,kro0@hotmail.com,2022-05-11 21:36:11.898422,2023-01-26 23:42:59.898422
00000000,kni,Wz#O,Kieran,Nielsen,kni@yahoo.com,2022-02-28 07:27:02.898422,2022-06-15 02:13:47.898422
00000000,bha,?nQPF,Bowen,Haley,bha@yahoo.com,2021-06-13 05:49:19.898422,2023-01-11 21:36:45.898422
00000000,jdu,vvddR!,Jasper,Dunlap,jdu@gmail.com,2022-06-03 16:12:42.898422,2023-01-19 15:08:58.898422
00000000,mcr,?vhP,Marcellus,Cruz,mcr@gmail.com,2021-06-20 21:27:44.898422,2022-03-07 23:35:21.898422
00000000,cma,!fiOfV,Conner,Mayo,cma@msn.com,2021-06-09 20:53:25.898422,2023-03-01 11:36:28.898422
00000000,aje,mS!ouWL,Alberto,Jennings,aje@gmail.com,2023-03-09 03:55:41.898422,2023-03-19 21:17:37.898422
00000000,cga0,B?lQBJp,Callen,Galvan,cga0@yahoo.com,2022-09-25 00:00:58.898422,2023-03-02 03:31:55.898422
00000000,ldu,p&flGY,Lachlan,Duncan,ldu@msn.com,2022-06-13 09:57:56.898422,2022-12-07 20:22:45.898422
00000000,lbe,Q%QJvly,Lorenzo,Bell,lbe@msn.com,2021-08-10 20:07:18.898422,2023-01-07 23:43:06.898422
00000000,jbr0,!TG,Joziah,Bravo,jbr0@hotmail.com,2022-04-02 22:37:44.898422,2022-08-03 01:25:43.898422
00000000,cfr,F*LEMbmi,Cannon,French,cfr@gmail.com,2021-06-23 18:02:33.898422,2022-01-07 13:54:31.898422
00000000,rmo,@zBteE,Romeo,Morgan,rmo@aol.com,2022-10-18 00:14:42.898422,2022-11-20 11:19:30.898422
00000000,dca,@CgfxX,Dimitri,Carpenter,dca@aol.com,2022-07-21 02:05:42.898422,2022-12-24 21:16:58.898422
00000000,cbr,{B%,Chance,Briggs,cbr@msn.com,2023-01-24 03:42:42.898422,2023-03-08 10:15:38.898422
00000000,cla,ZyOL@,Collin,Landry,cla@msn.com,2022-02-22 00:13:22.898422,2022-09-29 19:35:04.898422
00000000,wwe,D?nrYBK,Wilson,Weiss,wwe@msn.com,2022-10-18 04:32:51.898422,2023-01-12 15:10:48.898422
00000000,lad,fr@,Landen,Adams,lad@yahoo.com,2021-05-31 21:29:58.898422,2021-06-07 15:10:27.898422
00000000,lre,*k[ML,Luca,Reeves,lre@gmail.com,2022-07-03 11:23:34.898422,2022-08-09 06:25:21.898422
00000000,jre,D*rD,Jamal,Reeves,jre@gmail.com,2022-01-03 22:38:35.898422,2022-05-30 11:30:49.898422
00000000,dcl,?OTF,Derrick,Clements,dcl@hotmail.com,2022-09-19 10:12:20.898422,2022-11-30 19:01:00.898422
00000000,ano,l{Yt*,Axton,Nolan,ano@aol.com,2022-05-06 14:13:23.898422,2022-07-29 06:10:43.898422
00000000,ebl,#Yi|sy,Edison,Blackwell,ebl@gmail.com,2022-08-19 14:46:42.898422,2022-12-25 21:22:07.898422
00000000,jor,#qLe,Judah,Ortega,jor@aol.com,2021-05-22 16:51:42.898422,2022-02-03 20:18:28.898422
00000000,iwe,!{hcOS,Ira,Welch,iwe@hotmail.com,2022-04-09 10:27:17.898422,2023-02-26 12:21:37.898422
00000000,tke,|ov!J,Tatum,Kelly,tke@gmail.com,2022-07-03 14:45:24.898422,2023-01-06 14:11:01.898422
00000000,cwy,YHw$S,Callahan,Wyatt,cwy@aol.com,2021-08-03 21:45:26.898422,2021-09-15 14:22:34.898422
00000000,dda,F%sDd,Dax,Davila,dda@hotmail.com,2022-06-01 13:18:40.898422,2022-08-24 08:10:45.898422
00000000,cje,$iTdvf,Colton,Jenkins,cje@msn.com,2023-02-26 17:20:29.898422,2023-02-27 22:30:35.898422
00000000,cpo,r@CmbUvP,Chris,Pope,cpo@msn.com,2021-09-24 11:20:42.898422,2023-03-16 18:39:29.898422
00000000,dfi,F#EpRJ,Derrick,Fisher,dfi@msn.com,2021-09-12 01:04:56.898422,2022-11-07 08:53:42.898422
00000000,rbr,zPW%qHn,Randy,Brooks,rbr@aol.com,2023-01-11 21:41:33.898422,2023-02-02 08:44:18.898422
00000000,mbo,#xVRlEs,Max,Bowen,mbo@msn.com,2021-08-13 18:22:04.898422,2022-07-03 02:41:55.898422
00000000,dmc,%Aicn,Dexter,Mcintosh,dmc@yahoo.com,2022-06-12 01:25:38.898422,2023-02-09 13:27:00.898422
00000000,ing,@hVm,Ira,Nguyen,ing@msn.com,2022-12-01 17:10:17.898422,2023-01-03 20:47:43.898422
00000000,cfl,qi#,Cameron,Fletcher,cfl@yahoo.com,2022-12-11 19:24:28.898422,2023-01-09 01:28:42.898422
00000000,rpe,?ImLjG,Riley,Perkins,rpe@yahoo.com,2021-08-25 14:59:48.898422,2022-06-24 10:20:27.898422
00000000,rst,!ofFT,Reed,Stark,rst@yahoo.com,2023-02-25 03:16:47.898422,2023-03-19 13:09:35.898422
00000000,rve,bg&,Ryland,Ventura,rve@yahoo.com,2022-07-23 17:34:42.898422,2022-09-23 12:19:26.898422
00000000,anu,$hqTe,Aldo,Nunez,anu@yahoo.com,2021-09-29 13:57:01.898422,2022-02-15 22:59:29.898422
00000000,obe,*YXx,Otis,Berg,obe@gmail.com,2021-06-10 05:30:41.898422,2022-11-14 15:40:48.898422
00000000,jro,*vwHCb,Jaziel,Roberts,jro@hotmail.com,2022-09-21 15:37:51.898422,2022-10-16 02:09:35.898422
00000000,cdi,?zdv,Cristian,Dickerson,cdi@hotmail.com,2022-02-04 00:16:31.898422,2022-09-06 13:59:16.898422
00000000,vro,*A[,Valentino,Ross,vro@gmail.com,2022-11-03 17:17:08.898422,2023-01-13 05:57:23.898422
00000000,cro,r@E,Cal,Rollins,cro@msn.com,2023-01-28 07:26:28.898422,2023-03-10 09:52:09.898422
00000000,asa,!Vx,Amos,Salgado,asa@msn.com,2021-10-09 13:24:04.898422,2022-11-19 00:00:51.898422
00000000,ica,*JW|Pl,Isaias,Carrillo,ica@aol.com,2022-02-05 21:52:00.898422,2022-04-27 02:59:12.898422
00000000,gwa,*LF,Gideon,Walton,gwa@aol.com,2022-03-15 03:40:21.898422,2022-03-23 10:03:56.898422
00000000,bor,#cHhbE,Benedict,Ortega,bor@hotmail.com,2021-10-31 05:23:57.898422,2021-11-03 14:41:52.898422
00000000,yvu,P@rlbb,Yahir,Vu,yvu@aol.com,2021-11-21 05:42:19.898422,2023-01-11 22:21:12.898422
00000000,aal,?mE,Agustin,Allen,aal@hotmail.com,2021-06-04 15:08:20.898422,2021-09-12 04:35:49.898422
00000000,lhi0,VNF&,Lance,Hines,lhi0@yahoo.com,2021-08-24 01:58:58.898422,2022-01-27 16:54:31.898422
00000000,jbu,$Nu,Judson,Burgess,jbu@yahoo.com,2021-03-24 23:28:35.898422,2022-01-05 20:28:42.898422
00000000,mch,zl&QwiL,Malcolm,Chen,mch@yahoo.com,2021-09-23 00:23:20.898422,2023-03-01 13:52:38.898422
00000000,rwa,V@zT,Roy,Waller,rwa@msn.com,2021-10-12 00:03:43.898422,2022-09-18 13:09:56.898422
00000000,rsi,#|Vp,Robin,Singh,rsi@hotmail.com,2021-10-30 17:23:24.898422,2023-03-15 13:22:40.898422
00000000,aca,$djZl,Anders,Castaneda,aca@msn.com,2022-01-02 08:44:32.898422,2022-12-14 17:43:40.898422
00000000,hho,S!Pfo,Hayes,Hodge,hho@msn.com,2023-02-19 03:15:41.898422,2023-03-12 11:47:41.898422
00000000,wdi,wjdX!,Wylder,Diaz,wdi@msn.com,2022-08-26 04:55:01.898422,2022-10-06 04:16:13.898422
00000000,jwo,!qIpzpL,Jakobe,Woodard,jwo@hotmail.com,2022-03-01 18:57:02.898422,2023-02-10 07:08:35.898422
00000000,osu,%NCfz,Odin,Suarez,osu@hotmail.com,2021-07-02 12:35:54.898422,2022-09-23 07:08:34.898422
00000000,nmo,!iBGr[,Nathaniel,Morrow,nmo@aol.com,2021-06-28 12:06:08.898422,2021-07-08 19:40:23.898422
00000000,tla,?oLiX,Trey,Larson,tla@yahoo.com,2022-10-12 17:03:49.898422,2023-01-05 21:17:49.898422
00000000,mhe,{!gDmj,Manuel,Henderson,mhe@msn.com,2021-10-27 03:54:03.898422,2022-06-18 00:10:25.898422
00000000,kca,%eAo,Kristian,Carey,kca@msn.com,2023-01-20 12:55:01.898422,2023-03-09 04:07:59.898422
00000000,gar,&pgPJ,Guillermo,Arias,gar@msn.com,2021-08-19 20:38:24.898422,2022-01-04 06:03:54.898422
00000000,mgo,!gCIIe,Misael,Good,mgo@hotmail.com,2022-03-21 02:34:48.898422,2022-11-02 21:02:10.898422
00000000,lbr,X!sCt[w,Lionel,Bridges,lbr@hotmail.com,2022-04-21 11:58:59.899424,2023-01-13 17:40:32.899424
00000000,dwa,G$KucNty,Dilan,Walsh,dwa@aol.com,2021-09-26 20:52:55.899424,2022-06-17 05:34:48.899424
00000000,asc,t%KRPTTl,Andre,Schwartz,asc@aol.com,2023-03-02 14:24:57.899424,2023-03-10 22:48:50.899424
00000000,jsa,@tN,Judah,Salgado,jsa@aol.com,2022-08-30 02:37:04.899424,2022-09-22 04:04:31.899424
00000000,ami,$gXGOfkh,Alijah,Mitchell,ami@msn.com,2021-10-31 22:28:02.899424,2022-01-05 22:25:58.899424
00000000,jma,F!mEif,Jefferson,Martin,jma@hotmail.com,2022-08-01 04:12:07.899424,2022-11-06 02:00:16.899424
00000000,itr,%GVlAHD,Ivan,Tran,itr@hotmail.com,2022-01-11 11:19:00.899424,2023-01-27 00:19:24.899424
00000000,ael,@AUnj,Amos,Ellis,ael@hotmail.com,2022-06-17 20:41:39.899424,2023-02-19 20:23:02.899424
00000000,mau,%Wmt,Moses,Austin,mau@gmail.com,2022-07-27 04:09:49.899424,2022-09-02 20:23:25.899424
00000000,mfu,$Rzw,Matthew,Fuller,mfu@yahoo.com,2022-11-11 23:21:12.899424,2023-02-10 19:03:35.899424
00000000,jta,vOj@,Jones,Taylor,jta@hotmail.com,2021-11-03 09:25:54.899424,2022-02-04 17:20:26.899424
00000000,cpo0,rL?w,Corey,Ponce,cpo0@aol.com,2021-07-02 03:15:15.899424,2022-06-22 14:21:34.899424
00000000,jav,gfU$FVN,Jasper,Avalos,jav@msn.com,2021-05-12 09:29:00.899424,2022-04-26 02:06:50.899424
00000000,rod,&AovNhO,Raphael,Odom,rod@msn.com,2022-07-11 11:54:03.899424,2022-11-05 02:58:06.899424
00000000,tdy,%|REF,Travis,Dyer,tdy@msn.com,2022-03-01 02:51:48.899424,2022-11-08 11:57:35.899424
00000000,ebu,R@wLx,Elon,Buck,ebu@msn.com,2022-08-05 07:39:13.899424,2023-01-22 18:37:23.899424
00000000,dsh,?UN,Dariel,Shannon,dsh@aol.com,2021-04-28 15:20:12.899424,2021-11-28 11:26:01.899424
00000000,sha,%YBU,Sean,Hamilton,sha@msn.com,2022-12-09 16:54:28.899424,2022-12-17 09:28:45.899424
00000000,rpr,u*FbV,Reed,Price,rpr@yahoo.com,2021-11-11 14:18:58.899424,2022-04-18 02:08:00.899424
00000000,jhe,$rG,Jiraiya,Hendrix,jhe@gmail.com,2021-08-31 01:23:34.899424,2021-11-11 19:14:38.899424
00000000,mmo,&uMU,Mohammed,Morgan,mmo@yahoo.com,2022-02-23 23:04:46.899424,2023-01-16 01:05:47.899424
00000000,aho,T#{,Andy,Holland,aho@gmail.com,2022-09-22 08:37:41.899424,2023-02-14 13:09:43.899424
00000000,jar,K@U{l,Jalen,Arias,jar@msn.com,2022-01-28 08:28:13.899424,2022-12-05 10:06:56.899424
00000000,cso,#Dr|IRC,Clyde,Solomon,cso@msn.com,2021-12-26 01:19:25.899424,2022-01-27 14:25:30.899424
00000000,emi,M#XmxS,Ezra,Michael,emi@hotmail.com,2021-08-24 13:24:55.899424,2022-03-08 04:27:11.899424
00000000,ari,L!thkc,Alonzo,Richmond,ari@aol.com,2022-03-12 08:31:24.899424,2022-06-01 03:04:13.899424
00000000,dzi,#JRStGs,Dilan,Zimmerman,dzi@msn.com,2022-11-15 21:47:45.899424,2023-02-12 20:25:21.899424
00000000,kco,?cd{ChY{,Khalid,Conrad,kco@hotmail.com,2022-03-08 09:46:15.899424,2022-09-11 12:40:52.899424
00000000,cna,#QosPYLA,Carl,Nava,cna@hotmail.com,2022-08-17 21:41:21.899424,2022-12-22 03:24:42.899424
00000000,dbu,Devh?,Dominik,Burgess,dbu@aol.com,2023-02-04 09:35:08.899424,2023-02-22 06:27:46.899424
00000000,mca,O?yWzOMB,Mac,Cano,mca@msn.com,2021-10-04 01:44:01.899424,2021-12-24 07:42:14.899424
00000000,hwa,!oxwC,Hank,Waters,hwa@aol.com,2022-12-29 01:49:14.899424,2023-02-10 16:33:50.899424
00000000,ddo,ZQ#ugBU,Devon,Dodson,ddo@yahoo.com,2022-01-31 10:19:13.899424,2022-09-16 13:07:57.899424
00000000,cmc,P%PoSFUr,Colten,Mckay,cmc@hotmail.com,2021-09-01 13:08:09.899424,2023-02-16 03:52:59.899424
00000000,mah,P%{[eI,Milan,Ahmed,mah@aol.com,2021-07-21 05:40:29.899424,2022-01-17 09:00:06.899424
00000000,nmu,%kSir,Nolan,Murphy,nmu@msn.com,2021-07-31 00:30:01.899424,2022-05-25 09:25:31.899424
00000000,asn,X$|AqCXA,Alexander,Snyder,asn@gmail.com,2023-03-14 02:11:13.899424,2023-03-15 22:45:47.899424
00000000,iba,K%tL,Ian,Barrera,iba@aol.com,2022-01-18 23:44:48.899424,2022-04-05 02:36:28.899424
00000000,bwi,E!izCiTm,Braylen,Wise,bwi@hotmail.com,2022-10-08 01:16:31.899424,2023-03-09 02:39:10.899424
00000000,ssi,zkR!SLud,Sutton,Simpson,ssi@gmail.com,2021-08-25 22:40:20.899424,2022-10-10 13:06:06.899424
00000000,jvi0,|u*,Justin,Villanueva,jvi0@msn.com,2021-10-27 15:50:21.899424,2022-07-10 12:48:51.899424
00000000,rca,&S[OgPy,Reuben,Calhoun,rca@gmail.com,2022-09-06 06:09:06.899424,2022-11-12 06:34:14.899424
00000000,dja,$fr,Davion,James,dja@gmail.com,2023-03-10 14:21:00.899424,2023-03-21 03:10:16.899424
00000000,jve,?My,Jadiel,Vega,jve@gmail.com,2021-06-14 04:59:48.899424,2022-10-07 18:45:40.899424
00000000,wta,U$njgs,Walker,Tanner,wta@yahoo.com,2023-03-03 11:04:58.899424,2023-03-09 03:59:54.899424
00000000,swa,@eLe,Sage,Wallace,swa@aol.com,2022-06-19 12:17:27.899424,2022-10-05 01:40:34.899424
00000000,kso,@yoMdP,Kelvin,Soto,kso@gmail.com,2022-01-12 20:31:34.899424,2023-02-27 02:54:32.899424
00000000,jha0,DA*{kpLp,Joey,Hansen,jha0@gmail.com,2021-03-27 04:58:18.899424,2023-02-16 10:03:40.899424
00000000,ida,@HnZtiBL,Ismael,Daugherty,ida@yahoo.com,2021-11-27 12:49:10.899424,2023-01-04 12:34:58.899424
00000000,kda,V{?nR[,Kiaan,Dawson,kda@msn.com,2022-10-18 11:38:08.899424,2022-11-06 16:29:08.899424
00000000,jba0,W%DIds,Jace,Baker,jba0@yahoo.com,2023-03-07 16:15:04.899424,2023-03-12 23:56:45.899424
00000000,lwa,[!ZFA{LB,Luciano,Warren,lwa@yahoo.com,2021-05-28 17:02:56.899424,2022-01-30 03:56:04.899424
00000000,lma,ZA#K,Liam,Martin,lma@hotmail.com,2022-06-04 06:32:46.899424,2022-06-15 17:47:43.899424
00000000,rav,%FzKi,Riggs,Avery,rav@yahoo.com,2022-10-27 10:15:21.899424,2023-01-24 03:03:13.899424
00000000,jdo,c%ujRkvc,Jakobe,Donovan,jdo@msn.com,2021-12-02 04:36:21.899424,2023-01-07 12:16:23.899424
00000000,abo,*YgLm,Alexis,Bowen,abo@hotmail.com,2022-03-26 18:06:38.899424,2023-02-27 15:37:40.899424
00000000,jmi,zXhJZ@,Judson,Middleton,jmi@gmail.com,2023-03-11 23:46:13.899424,2023-03-13 18:31:54.899424
